CREATE TABLE items_category (
    ic_id VARCHAR(255) NOT NULL COMMENT '카테고리 ID',
    ic_name VARCHAR(255),
    PRIMARY KEY (ic_id)
);
INSERT INTO items_category (ic_id, ic_name) VALUES
('cat001', '패션/뷰티'),
('cat002', '식품/건강'),
('cat003', '홈/생활'),
('cat004', '스포츠/레저'),
('cat005', '미디어/오피스'),
('cat006', '완구/반려동물');

-- 상품 데이터 샘플 추가 100개
INSERT INTO items (ic_id, name, size, photo, location, stock, price, description)
VALUES
-- cat001: 패션/뷰티
('cat001', '남성 라운드 반팔 티셔츠', 'M', 'shirt1.jpg', '무신사', 50, 19000, '심플한 디자인의 데일리 티셔츠'),
('cat001', '여성 립스틱 3종 세트', null, 'lipstick.jpg', '올리브영', 30, 29000, '은은한 컬러의 립스틱 세트'),
('cat001', '남성 데님 청바지', 'L', 'jeans.jpg', '지그재그', 25, 39000, '베이직한 데님 스타일'),
('cat001', '여성 블라우스', 'M', 'blouse.jpg', '무신사', 40, 28000, '여성스러운 무드의 블라우스'),
('cat001', '남성 슬림핏 셔츠', 'L', 'shirt2.jpg', '올리브영', 20, 33000, '슬림한 핏의 오피스 셔츠'),
('cat001', '향수 50ml', null, 'perfume.jpg', '지그재그', 60, 45000, '시원한 향기의 데일리 향수'),
('cat001', '남성 가죽 벨트', null, 'belt.jpg', '무신사', 35, 18000, '고급 가죽 소재 벨트'),
('cat001', '여성 귀걸이 세트', null, 'earrings.jpg', '올리브영', 50, 15000, '심플한 디자인의 귀걸이'),
('cat001', '페이스 마스크 팩 10매', 'M', 'maskpack.jpg', '지그재그', 80, 12000, '피부 진정용 마스크팩'),
('cat001', '여성 니트 가디건', 'M', 'cardigan.jpg', '무신사', 20, 42000, '봄/가을용 니트 가디건'),
('cat001', '데님 반바지', 'M', 'pants1.jpg', '지그재그', 74, 23918, '패션/뷰티 카테고리의 인기 숏팬츠'),
('cat001', 'H&M 블라우스', 'M', 'blouse2.jpg', 'H&M', 74, 34361, '패션/뷰티 카테고리의 인기 블라우스'),
('cat001', '나이키 셔츠', 'M', 'shirt3.jpg', '나이키', 21, 34220, '패션/뷰티 카테고리의 인기 셔츠'),
('cat001', '스파오 린넨', 'M', 'linen4.jpg', '스파오', 68, 40200, '패션/뷰티 카테고리의 인기 린넨'),
('cat001', '탑텐 스포츠웨어', 'L', 'sport5.jpg', '탑텐', 96, 60961, '패션/뷰티 카테고리의 인기 스포츠웨어'),
('cat001', '리바이스 크롭티', 'M', 'crop6.jpg', '리바이스', 22, 15032, '패션/뷰티 카테고리의 인기 크롭티'),
('cat001', '자라 블라우스', 'M', 'blouse7.jpg', '자라', 37, 30400, '패션/뷰티 카테고리의 인기 블라우스'),
('cat001', '탑텐 셔츠', 'M', 'shirt8.jpg', '탑텐', 99, 37900, '패션/뷰티 카테고리의 인기 셔츠'),
('cat001', '린넨 반팔', 'M', 'linen9.jpg', '자라', 44, 48878, '패션/뷰티 카테고리의 인기 린넨'),
('cat001', '숏팬츠', 'L', 'pants10.jpg', '자라', 20, 23234, '패션/뷰티 카테고리의 인기 숏팬츠'),
('cat001', '지그재그 청바지', 'L', 'pants11.jpg', '지그재그', 97, 38245, '패션/뷰티 카테고리의 인기 청바지'),
('cat001', '스파오 반바지', 'L', 'pants12.jpg', '스파오', 77, 23500, '패션/뷰티 카테고리의 인기 반바지'),
('cat001', 'H&M 셔츠', 'S', 'shirt13.jpg', 'H&M', 88, 53412, '패션/뷰티 카테고리의 인기 셔츠'),
('cat001', '스파오 셔츠', 'L', 'shirt14.jpg', '스파오', 98, 32000, '패션/뷰티 카테고리의 인기 셔츠'),
('cat001', '나이키 블라우스', 'S', 'blouse15.jpg', '나이키', 37, 32175, '패션/뷰티 카테고리의 인기 블라우스'),
('cat001', '남성 라운드 반팔 티셔츠', 'M', 'shirt1.jpg', '무신사', 50, 19000, '심플한 디자인의 데일리 티셔츠'),
('cat001', '여성 립스틱 3종 세트', null, 'lipstick.jpg', '올리브영', 30, 29000, '은은한 컬러의 립스틱 세트'),
('cat001', '남성 데님 청바지', 'L', 'jeans.jpg', '지그재그', 25, 39000, '베이직한 데님 스타일'),
('cat001', '여성 블라우스', 'M', 'blouse.jpg', '무신사', 40, 28000, '여성스러운 무드의 블라우스'),
('cat001', '남성 슬림핏 셔츠', 'L', 'shirt2.jpg', '올리브영', 20, 33000, '슬림한 핏의 오피스 셔츠'),
('cat001', '향수 50ml', null, 'perfume.jpg', '지그재그', 60, 45000, '시원한 향기의 데일리 향수'),
('cat001', '남성 가죽 벨트', null, 'belt.jpg', '무신사', 35, 18000, '고급 가죽 소재 벨트'),
('cat001', '여성 귀걸이 세트', null, 'earrings.jpg', '올리브영', 50, 15000, '심플한 디자인의 귀걸이'),
('cat001', '페이스 마스크 팩 10매', 'M', 'maskpack.jpg', '지그재그', 80, 12000, '피부 진정용 마스크팩'),
('cat001', '여성 니트 가디건', 'M', 'cardigan.jpg', '무신사', 20, 42000, '봄/가을용 니트 가디건'),
('cat001', '데님 반바지', 'M', 'pants1.jpg', '지그재그', 74, 23918, '패션/뷰티 카테고리의 인기 숏팬츠'),
('cat001', 'H&M 블라우스', 'M', 'blouse2.jpg', 'H&M', 74, 34361, '패션/뷰티 카테고리의 인기 블라우스'),
('cat001', '나이키 셔츠', 'M', 'shirt3.jpg', '나이키', 21, 34220, '패션/뷰티 카테고리의 인기 셔츠'),
('cat001', '스파오 린넨', 'M', 'linen4.jpg', '스파오', 68, 40200, '패션/뷰티 카테고리의 인기 린넨'),
('cat001', '탑텐 스포츠웨어', 'L', 'sport5.jpg', '탑텐', 96, 60961, '패션/뷰티 카테고리의 인기 스포츠웨어'),
('cat001', '리바이스 크롭티', 'M', 'crop6.jpg', '리바이스', 22, 15032, '패션/뷰티 카테고리의 인기 크롭티'),
('cat001', '자라 블라우스', 'M', 'blouse7.jpg', '자라', 37, 30400, '패션/뷰티 카테고리의 인기 블라우스'),
('cat001', '탑텐 셔츠', 'M', 'shirt8.jpg', '탑텐', 99, 37900, '패션/뷰티 카테고리의 인기 셔츠'),
('cat001', '린넨 반팔', 'M', 'linen9.jpg', '자라', 44, 48878, '패션/뷰티 카테고리의 인기 린넨'),
('cat001', '숏팬츠', 'L', 'pants10.jpg', '자라', 20, 23234, '패션/뷰티 카테고리의 인기 숏팬츠'),
('cat001', '지그재그 청바지', 'L', 'pants11.jpg', '지그재그', 97, 38245, '패션/뷰티 카테고리의 인기 청바지'),
('cat001', '스파오 반바지', 'L', 'pants12.jpg', '스파오', 77, 23500, '패션/뷰티 카테고리의 인기 반바지'),
('cat001', 'H&M 셔츠', 'S', 'shirt13.jpg', 'H&M', 88, 53412, '패션/뷰티 카테고리의 인기 셔츠'),
('cat001', '스파오 셔츠', 'L', 'shirt14.jpg', '스파오', 98, 32000, '패션/뷰티 카테고리의 인기 셔츠'),
('cat001', '나이키 블라우스', 'S', 'blouse15.jpg', '나이키', 37, 32175, '패션/뷰티 카테고리의 인기 블라우스'),
('cat001', '남성 라운드 반팔 티셔츠', 'M', 'shirt1.jpg', '무신사', 50, 19000, '심플한 디자인의 데일리 티셔츠'),
('cat001', '여성 립스틱 3종 세트', null, 'lipstick.jpg', '올리브영', 30, 29000, '은은한 컬러의 립스틱 세트'),
('cat001', '남성 데님 청바지', 'L', 'jeans.jpg', '지그재그', 25, 39000, '베이직한 데님 스타일'),
('cat001', '여성 블라우스', 'M', 'blouse.jpg', '무신사', 40, 28000, '여성스러운 무드의 블라우스'),
('cat001', '남성 슬림핏 셔츠', 'L', 'shirt2.jpg', '올리브영', 20, 33000, '슬림한 핏의 오피스 셔츠'),
('cat001', '향수 50ml', null, 'perfume.jpg', '지그재그', 60, 45000, '시원한 향기의 데일리 향수'),
('cat001', '남성 가죽 벨트', null, 'belt.jpg', '무신사', 35, 18000, '고급 가죽 소재 벨트'),
('cat001', '여성 귀걸이 세트', null, 'earrings.jpg', '올리브영', 50, 15000, '심플한 디자인의 귀걸이'),
('cat001', '페이스 마스크 팩 10매', 'M', 'maskpack.jpg', '지그재그', 80, 12000, '피부 진정용 마스크팩'),
('cat001', '여성 니트 가디건', 'M', 'cardigan.jpg', '무신사', 20, 42000, '봄/가을용 니트 가디건'),
('cat001', '데님 반바지', 'M', 'pants1.jpg', '지그재그', 74, 23918, '패션/뷰티 카테고리의 인기 숏팬츠'),
('cat001', 'H&M 블라우스', 'M', 'blouse2.jpg', 'H&M', 74, 34361, '패션/뷰티 카테고리의 인기 블라우스'),
('cat001', '나이키 셔츠', 'M', 'shirt3.jpg', '나이키', 21, 34220, '패션/뷰티 카테고리의 인기 셔츠'),
('cat001', '스파오 린넨', 'M', 'linen4.jpg', '스파오', 68, 40200, '패션/뷰티 카테고리의 인기 린넨'),
('cat001', '탑텐 스포츠웨어', 'L', 'sport5.jpg', '탑텐', 96, 60961, '패션/뷰티 카테고리의 인기 스포츠웨어'),
('cat001', '리바이스 크롭티', 'M', 'crop6.jpg', '리바이스', 22, 15032, '패션/뷰티 카테고리의 인기 크롭티'),
('cat001', '자라 블라우스', 'M', 'blouse7.jpg', '자라', 37, 30400, '패션/뷰티 카테고리의 인기 블라우스'),
('cat001', '탑텐 셔츠', 'M', 'shirt8.jpg', '탑텐', 99, 37900, '패션/뷰티 카테고리의 인기 셔츠'),
('cat001', '린넨 반팔', 'M', 'linen9.jpg', '자라', 44, 48878, '패션/뷰티 카테고리의 인기 린넨'),
('cat001', '숏팬츠', 'L', 'pants10.jpg', '자라', 20, 23234, '패션/뷰티 카테고리의 인기 숏팬츠'),
('cat001', '지그재그 청바지', 'L', 'pants11.jpg', '지그재그', 97, 38245, '패션/뷰티 카테고리의 인기 청바지'),
('cat001', '스파오 반바지', 'L', 'pants12.jpg', '스파오', 77, 23500, '패션/뷰티 카테고리의 인기 반바지'),
('cat001', 'H&M 셔츠', 'S', 'shirt13.jpg', 'H&M', 88, 53412, '패션/뷰티 카테고리의 인기 셔츠'),
('cat001', '스파오 셔츠', 'L', 'shirt14.jpg', '스파오', 98, 32000, '패션/뷰티 카테고리의 인기 셔츠'),
('cat001', '나이키 블라우스', 'S', 'blouse15.jpg', '나이키', 37, 32175, '패션/뷰티 카테고리의 인기 블라우스'),
('cat001', '남성 라운드 반팔 티셔츠', 'M', 'shirt1.jpg', '무신사', 50, 19000, '심플한 디자인의 데일리 티셔츠'),
('cat001', '여성 립스틱 3종 세트', null, 'lipstick.jpg', '올리브영', 30, 29000, '은은한 컬러의 립스틱 세트'),
('cat001', '남성 데님 청바지', 'L', 'jeans.jpg', '지그재그', 25, 39000, '베이직한 데님 스타일'),
('cat001', '여성 블라우스', 'M', 'blouse.jpg', '무신사', 40, 28000, '여성스러운 무드의 블라우스'),
('cat001', '남성 슬림핏 셔츠', 'L', 'shirt2.jpg', '올리브영', 20, 33000, '슬림한 핏의 오피스 셔츠'),
('cat001', '향수 50ml', null, 'perfume.jpg', '지그재그', 60, 45000, '시원한 향기의 데일리 향수'),
('cat001', '남성 가죽 벨트', null, 'belt.jpg', '무신사', 35, 18000, '고급 가죽 소재 벨트'),
('cat001', '여성 귀걸이 세트', null, 'earrings.jpg', '올리브영', 50, 15000, '심플한 디자인의 귀걸이'),
('cat001', '페이스 마스크 팩 10매', 'M', 'maskpack.jpg', '지그재그', 80, 12000, '피부 진정용 마스크팩'),
('cat001', '여성 니트 가디건', 'M', 'cardigan.jpg', '무신사', 20, 42000, '봄/가을용 니트 가디건'),
('cat001', '데님 반바지', 'M', 'pants1.jpg', '지그재그', 74, 23918, '패션/뷰티 카테고리의 인기 숏팬츠'),
('cat001', 'H&M 블라우스', 'M', 'blouse2.jpg', 'H&M', 74, 34361, '패션/뷰티 카테고리의 인기 블라우스'),
('cat001', '나이키 셔츠', 'M', 'shirt3.jpg', '나이키', 21, 34220, '패션/뷰티 카테고리의 인기 셔츠'),
('cat001', '스파오 린넨', 'M', 'linen4.jpg', '스파오', 68, 40200, '패션/뷰티 카테고리의 인기 린넨'),
('cat001', '탑텐 스포츠웨어', 'L', 'sport5.jpg', '탑텐', 96, 60961, '패션/뷰티 카테고리의 인기 스포츠웨어'),
('cat001', '리바이스 크롭티', 'M', 'crop6.jpg', '리바이스', 22, 15032, '패션/뷰티 카테고리의 인기 크롭티'),
('cat001', '자라 블라우스', 'M', 'blouse7.jpg', '자라', 37, 30400, '패션/뷰티 카테고리의 인기 블라우스'),
('cat001', '탑텐 셔츠', 'M', 'shirt8.jpg', '탑텐', 99, 37900, '패션/뷰티 카테고리의 인기 셔츠'),
('cat001', '린넨 반팔', 'M', 'linen9.jpg', '자라', 44, 48878, '패션/뷰티 카테고리의 인기 린넨'),
('cat001', '숏팬츠', 'L', 'pants10.jpg', '자라', 20, 23234, '패션/뷰티 카테고리의 인기 숏팬츠'),
('cat001', '지그재그 청바지', 'L', 'pants11.jpg', '지그재그', 97, 38245, '패션/뷰티 카테고리의 인기 청바지'),
('cat001', '스파오 반바지', 'L', 'pants12.jpg', '스파오', 77, 23500, '패션/뷰티 카테고리의 인기 반바지'),
('cat001', 'H&M 셔츠', 'S', 'shirt13.jpg', 'H&M', 88, 53412, '패션/뷰티 카테고리의 인기 셔츠'),
('cat001', '스파오 셔츠', 'L', 'shirt14.jpg', '스파오', 98, 32000, '패션/뷰티 카테고리의 인기 셔츠'),
('cat001', '나이키 블라우스', 'S', 'blouse15.jpg', '나이키', 37, 32175, '패션/뷰티 카테고리의 인기 블라우스'),
-- cat002: 식품/건강
('cat002', '멀티비타민', null, 'vitamin.jpg', '쿠팡', 80, 18000, '하루 한 알, 건강 지킴이'),
('cat002', '유기농 사과', null, 'apple.jpg', '마켓컬리', 100, 25000, '달콤하고 신선한 유기농 사과'),
('cat002', '현미 10kg', null, 'rice.jpg', '마켓컬리', 70, 28000, '국산 친환경 현미'),
('cat002', '견과류 믹스', null, 'nuts.jpg', '쿠팡', 40, 16000, '하루 한줌 견과 세트'),
('cat002', '비타민C', null, 'vitaminc.jpg', '마켓컬리', 50, 14000, '면역력 강화 비타민C'),
('cat002', '홍삼정 스틱', null, 'ginseng.jpg', '쿠팡', 35, 49000, '피로 회복에 좋은 홍삼'),
('cat002', '탄산수', null, 'sparkling.jpg', '마켓컬리', 90, 7000, '청량한 무가당 탄산수'),
('cat002', '그릭요거트', null, 'yogurt.jpg', '쿠팡', 30, 9000, '단백질 가득 요거트'),
('cat002', '블루베리 냉동팩', null, 'blueberry.jpg', '마켓컬리', 45, 11000, '스무디용 냉동 블루베리'),
('cat002', '유산균', null, 'probiotics.jpg', '쿠팡', 60, 24000, '장 건강을 위한 유산균'),
('cat002', '비타민C', NULL, 'vitaminc1.jpg', '마켓컬리', 50, 47900, '면역력 강화 비타민C'),
('cat002', '홍삼정', NULL, 'ginseng1.jpg', '쿠팡', 35, 49000, '피로 회복에 좋은 홍삼'),
('cat002', '탄산수', NULL, 'sparkling.jpg', '마켓컬리', 90, 7000, '청량한 무가당 탄산수'),
('cat002', '그릭요거트', NULL, 'yogurt.jpg', '쿠팡', 30, 9000, '단백질 가득 요거트'),
('cat002', '블루베리 냉동팩', NULL, 'blueberry.jpg', '마켓컬리', 45, 11000, '스무디용 냉동 블루베리'),
('cat002', '유산균', NULL, 'probiotics.jpg', '쿠팡', 60, 24000, '장 건강을 위한 유산균'),
('cat002', '오메가3 캡슐', NULL, 'omega3.jpg', '마켓컬리', 55, 26000, '혈행 개선에 도움을 주는 오메가3'),
('cat002', '견과류 믹스팩', NULL, 'nuts.jpg', '쿠팡', 80, 12000, '영양 가득 간편한 견과류'),
('cat002', '녹차 티백', NULL, 'greentea.jpg', '마켓컬리', 70, 8000, '상쾌한 하루를 위한 녹차'),
('cat002', '프로틴 쉐이크', NULL, 'protein.jpg', '쿠팡', 50, 35000, '운동 후 단백질 보충'),
('cat002', '칼슘 영양제', NULL, 'calcium.jpg', '마켓컬리', 40, 15000, '뼈 건강에 좋은 칼슘'),
('cat002', '아사이베리 분말', NULL, 'acai.jpg', '쿠팡', 30, 29000, '항산화 효과 높은 슈퍼푸드'),
('cat002', '비타민D', NULL, 'vitamind.jpg', '마켓컬리', 45, 17000, '흡수 빠른 비타민D'),
('cat002', '루테인', NULL, 'lutein.jpg', '쿠팡', 60, 22000, '눈 건강을 위한 루테인'),
('cat002', '헬씨 그린주스', NULL, 'greenjuice.jpg', '마켓컬리', 65, 18000, '야채와 과일을 담은 건강 주스'),
('cat002', '멀티비타민', null, 'vitamin.jpg', '쿠팡', 80, 18000, '하루 한 알, 건강 지킴이'),
('cat002', '유기농 사과', null, 'apple.jpg', '마켓컬리', 100, 25000, '달콤하고 신선한 유기농 사과'),
('cat002', '현미 10kg', null, 'rice.jpg', '마켓컬리', 70, 28000, '국산 친환경 현미'),
('cat002', '견과류 믹스', null, 'nuts.jpg', '쿠팡', 40, 16000, '하루 한줌 견과 세트'),
('cat002', '비타민C', null, 'vitaminc.jpg', '마켓컬리', 50, 14000, '면역력 강화 비타민C'),
('cat002', '홍삼정 스틱', null, 'ginseng.jpg', '쿠팡', 35, 49000, '피로 회복에 좋은 홍삼'),
('cat002', '탄산수', null, 'sparkling.jpg', '마켓컬리', 90, 7000, '청량한 무가당 탄산수'),
('cat002', '그릭요거트', null, 'yogurt.jpg', '쿠팡', 30, 9000, '단백질 가득 요거트'),
('cat002', '블루베리 냉동팩', null, 'blueberry.jpg', '마켓컬리', 45, 11000, '스무디용 냉동 블루베리'),
('cat002', '유산균', null, 'probiotics.jpg', '쿠팡', 60, 24000, '장 건강을 위한 유산균'),
('cat002', '비타민C', NULL, 'vitaminc1.jpg', '마켓컬리', 50, 47900, '면역력 강화 비타민C'),
('cat002', '홍삼정', NULL, 'ginseng1.jpg', '쿠팡', 35, 49000, '피로 회복에 좋은 홍삼'),
('cat002', '탄산수', NULL, 'sparkling.jpg', '마켓컬리', 90, 7000, '청량한 무가당 탄산수'),
('cat002', '그릭요거트', NULL, 'yogurt.jpg', '쿠팡', 30, 9000, '단백질 가득 요거트'),
('cat002', '블루베리 냉동팩', NULL, 'blueberry.jpg', '마켓컬리', 45, 11000, '스무디용 냉동 블루베리'),
('cat002', '유산균', NULL, 'probiotics.jpg', '쿠팡', 60, 24000, '장 건강을 위한 유산균'),
('cat002', '오메가3 캡슐', NULL, 'omega3.jpg', '마켓컬리', 55, 26000, '혈행 개선에 도움을 주는 오메가3'),
('cat002', '견과류 믹스팩', NULL, 'nuts.jpg', '쿠팡', 80, 12000, '영양 가득 간편한 견과류'),
('cat002', '녹차 티백', NULL, 'greentea.jpg', '마켓컬리', 70, 8000, '상쾌한 하루를 위한 녹차'),
('cat002', '프로틴 쉐이크', NULL, 'protein.jpg', '쿠팡', 50, 35000, '운동 후 단백질 보충'),
('cat002', '칼슘 영양제', NULL, 'calcium.jpg', '마켓컬리', 40, 15000, '뼈 건강에 좋은 칼슘'),
('cat002', '아사이베리 분말', NULL, 'acai.jpg', '쿠팡', 30, 29000, '항산화 효과 높은 슈퍼푸드'),
('cat002', '비타민D', NULL, 'vitamind.jpg', '마켓컬리', 45, 17000, '흡수 빠른 비타민D'),
('cat002', '루테인', NULL, 'lutein.jpg', '쿠팡', 60, 22000, '눈 건강을 위한 루테인'),
('cat002', '헬씨 그린주스', NULL, 'greenjuice.jpg', '마켓컬리', 65, 18000, '야채와 과일을 담은 건강 주스'),
('cat002', '멀티비타민', null, 'vitamin.jpg', '쿠팡', 80, 18000, '하루 한 알, 건강 지킴이'),
('cat002', '유기농 사과', null, 'apple.jpg', '마켓컬리', 100, 25000, '달콤하고 신선한 유기농 사과'),
('cat002', '현미 10kg', null, 'rice.jpg', '마켓컬리', 70, 28000, '국산 친환경 현미'),
('cat002', '견과류 믹스', null, 'nuts.jpg', '쿠팡', 40, 16000, '하루 한줌 견과 세트'),
('cat002', '비타민C', null, 'vitaminc.jpg', '마켓컬리', 50, 14000, '면역력 강화 비타민C'),
('cat002', '홍삼정 스틱', null, 'ginseng.jpg', '쿠팡', 35, 49000, '피로 회복에 좋은 홍삼'),
('cat002', '탄산수', null, 'sparkling.jpg', '마켓컬리', 90, 7000, '청량한 무가당 탄산수'),
('cat002', '그릭요거트', null, 'yogurt.jpg', '쿠팡', 30, 9000, '단백질 가득 요거트'),
('cat002', '블루베리 냉동팩', null, 'blueberry.jpg', '마켓컬리', 45, 11000, '스무디용 냉동 블루베리'),
('cat002', '유산균', null, 'probiotics.jpg', '쿠팡', 60, 24000, '장 건강을 위한 유산균'),
('cat002', '비타민C', NULL, 'vitaminc1.jpg', '마켓컬리', 50, 47900, '면역력 강화 비타민C'),
('cat002', '홍삼정', NULL, 'ginseng1.jpg', '쿠팡', 35, 49000, '피로 회복에 좋은 홍삼'),
('cat002', '탄산수', NULL, 'sparkling.jpg', '마켓컬리', 90, 7000, '청량한 무가당 탄산수'),
('cat002', '그릭요거트', NULL, 'yogurt.jpg', '쿠팡', 30, 9000, '단백질 가득 요거트'),
('cat002', '블루베리 냉동팩', NULL, 'blueberry.jpg', '마켓컬리', 45, 11000, '스무디용 냉동 블루베리'),
('cat002', '유산균', NULL, 'probiotics.jpg', '쿠팡', 60, 24000, '장 건강을 위한 유산균'),
('cat002', '오메가3 캡슐', NULL, 'omega3.jpg', '마켓컬리', 55, 26000, '혈행 개선에 도움을 주는 오메가3'),
('cat002', '견과류 믹스팩', NULL, 'nuts.jpg', '쿠팡', 80, 12000, '영양 가득 간편한 견과류'),
('cat002', '녹차 티백', NULL, 'greentea.jpg', '마켓컬리', 70, 8000, '상쾌한 하루를 위한 녹차'),
('cat002', '프로틴 쉐이크', NULL, 'protein.jpg', '쿠팡', 50, 35000, '운동 후 단백질 보충'),
('cat002', '칼슘 영양제', NULL, 'calcium.jpg', '마켓컬리', 40, 15000, '뼈 건강에 좋은 칼슘'),
('cat002', '아사이베리 분말', NULL, 'acai.jpg', '쿠팡', 30, 29000, '항산화 효과 높은 슈퍼푸드'),
('cat002', '비타민D', NULL, 'vitamind.jpg', '마켓컬리', 45, 17000, '흡수 빠른 비타민D'),
('cat002', '루테인', NULL, 'lutein.jpg', '쿠팡', 60, 22000, '눈 건강을 위한 루테인'),
('cat002', '헬씨 그린주스', NULL, 'greenjuice.jpg', '마켓컬리', 65, 18000, '야채와 과일을 담은 건강 주스'),
('cat002', '멀티비타민', null, 'vitamin.jpg', '쿠팡', 80, 18000, '하루 한 알, 건강 지킴이'),
('cat002', '유기농 사과', null, 'apple.jpg', '마켓컬리', 100, 25000, '달콤하고 신선한 유기농 사과'),
('cat002', '현미 10kg', null, 'rice.jpg', '마켓컬리', 70, 28000, '국산 친환경 현미'),
('cat002', '견과류 믹스', null, 'nuts.jpg', '쿠팡', 40, 16000, '하루 한줌 견과 세트'),
('cat002', '비타민C', null, 'vitaminc.jpg', '마켓컬리', 50, 14000, '면역력 강화 비타민C'),
('cat002', '홍삼정 스틱', null, 'ginseng.jpg', '쿠팡', 35, 49000, '피로 회복에 좋은 홍삼'),
('cat002', '탄산수', null, 'sparkling.jpg', '마켓컬리', 90, 7000, '청량한 무가당 탄산수'),
('cat002', '그릭요거트', null, 'yogurt.jpg', '쿠팡', 30, 9000, '단백질 가득 요거트'),
('cat002', '블루베리 냉동팩', null, 'blueberry.jpg', '마켓컬리', 45, 11000, '스무디용 냉동 블루베리'),
('cat002', '유산균', null, 'probiotics.jpg', '쿠팡', 60, 24000, '장 건강을 위한 유산균'),
('cat002', '비타민C', NULL, 'vitaminc1.jpg', '마켓컬리', 50, 47900, '면역력 강화 비타민C'),
('cat002', '홍삼정', NULL, 'ginseng1.jpg', '쿠팡', 35, 49000, '피로 회복에 좋은 홍삼'),
('cat002', '탄산수', NULL, 'sparkling.jpg', '마켓컬리', 90, 7000, '청량한 무가당 탄산수'),
('cat002', '그릭요거트', NULL, 'yogurt.jpg', '쿠팡', 30, 9000, '단백질 가득 요거트'),
('cat002', '블루베리 냉동팩', NULL, 'blueberry.jpg', '마켓컬리', 45, 11000, '스무디용 냉동 블루베리'),
('cat002', '유산균', NULL, 'probiotics.jpg', '쿠팡', 60, 24000, '장 건강을 위한 유산균'),
('cat002', '오메가3 캡슐', NULL, 'omega3.jpg', '마켓컬리', 55, 26000, '혈행 개선에 도움을 주는 오메가3'),
('cat002', '견과류 믹스팩', NULL, 'nuts.jpg', '쿠팡', 80, 12000, '영양 가득 간편한 견과류'),
('cat002', '녹차 티백', NULL, 'greentea.jpg', '마켓컬리', 70, 8000, '상쾌한 하루를 위한 녹차'),
('cat002', '프로틴 쉐이크', NULL, 'protein.jpg', '쿠팡', 50, 35000, '운동 후 단백질 보충'),
('cat002', '칼슘 영양제', NULL, 'calcium.jpg', '마켓컬리', 40, 15000, '뼈 건강에 좋은 칼슘'),
('cat002', '아사이베리 분말', NULL, 'acai.jpg', '쿠팡', 30, 29000, '항산화 효과 높은 슈퍼푸드'),
('cat002', '비타민D', NULL, 'vitamind.jpg', '마켓컬리', 45, 17000, '흡수 빠른 비타민D'),
('cat002', '루테인', NULL, 'lutein.jpg', '쿠팡', 60, 22000, '눈 건강을 위한 루테인'),
('cat002', '헬씨 그린주스', NULL, 'greenjuice.jpg', '마켓컬리', 65, 18000, '야채와 과일을 담은 건강 주스'),

-- cat003: 홈/생활
('cat003', '스텐 텀블러 500ml', null, 'tumbler.jpg', '오늘의집', 60, 12000, '보온보냉 기능 탁월한 텀블러'),
('cat003', '청소기용 먼지봉투', null, 'dustbag.jpg', '다이소', 40, 9000, '다양한 모델 호환 먼지봉투'),
('cat003', '방향제 리필 세트', null, 'airfresh.jpg', '오늘의집', 80, 10000, '은은한 향기의 리필형 방향제'),
('cat003', '전기 포트', null, 'kettle.jpg', '다이소', 30, 27000, '자동 전원 차단 기능 포함'),
('cat003', '욕실 발매트', 'M', 'bathmat.jpg', '오늘의집', 25, 15000, '흡수력 좋은 발매트'),
('cat003', '주방세제', null, 'dishsoap.jpg', '다이소', 100, 8000, '자연 유래 성분 주방세제'),
('cat003', '코튼 쿠션 커버', null, 'cushion.jpg', '오늘의집', 70, 9000, '포근한 감촉의 쿠션 커버'),
('cat003', 'LED 무드등', null, 'moodlight.jpg', '다이소', 45, 20000, '은은한 조명의 무드등'),
('cat003', '코팅 접이식 테이블', null, 'table.jpg', '오늘의집', 20, 33000, '컴팩트한 크기의 간이 테이블'),
('cat003', '수납함', null, 'box.jpg', '다이소', 35, 18000, '공간 활용 최적 수납함'),
('cat003', '4인용 식탁 세트', NULL, 'dining1.jpg', '이케아', 25, 159000, '모던한 디자인의 4인용 식탁 세트'),
('cat003', '무소음 벽시계', NULL, 'clock2.jpg', '한샘', 40, 29000, '거실이나 방에 어울리는 벽시계'),
('cat003', '스탠드 조명', NULL, 'lamp3.jpg', '이케아', 32, 23000, '은은한 분위기의 스탠드 조명'),
('cat003', '천연세제 3종 세트', NULL, 'cleanser4.jpg', '생활공작소', 50, 14000, '환경 친화적인 세제 세트'),
('cat003', '전기포트', NULL, 'kettle5.jpg', '테팔', 60, 39000, '빠른 가열의 1.7L 전기포트'),
('cat003', '다용도 수납함', NULL, 'storage6.jpg', '한샘', 70, 18000, '깔끔한 정리를 위한 수납함'),
('cat003', '방수 샤워커튼', NULL, 'curtain7.jpg', '이케아', 45, 13000, '욕실용 방수 샤워커튼'),
('cat003', '슬라이딩 옷걸이', NULL, 'hanger8.jpg', '홈플러스', 55, 17000, '좁은 공간에 최적화된 옷걸이'),
('cat003', '욕실 슬리퍼', NULL, 'bathslipper9.jpg', '이케아', 80, 8000, '미끄럼 방지 욕실 슬리퍼'),
('cat003', '전자렌지용 밀폐용기', NULL, 'container10.jpg', '리큅', 65, 15000, '전자렌지 사용 가능한 밀폐용기'),
('cat003', '리클라이너 소파', NULL, 'recliner11.jpg', '한샘', 15, 179000, '편안한 착석감의 리클라이너'),
('cat003', '냄비 세트 5종', NULL, 'cookset12.jpg', '쿠첸', 35, 98000, '인덕션 호환 가능한 냄비세트'),
('cat003', '패브릭 방향제', NULL, 'freshener13.jpg', '생활공작소', 75, 9000, '섬유에 사용 가능한 방향제'),
('cat003', '미니 공기청정기', NULL, 'aircleaner14.jpg', '삼성', 20, 29000, '책상 위에도 놓을 수 있는 미니 청정기'),
('cat003', 'LED 센서등', NULL, 'ledlight15.jpg', 'LG', 40, 27000, '자동 점등되는 센서등'),
('cat003', '스텐 텀블러 500ml', null, 'tumbler.jpg', '오늘의집', 60, 12000, '보온보냉 기능 탁월한 텀블러'),
('cat003', '청소기용 먼지봉투', null, 'dustbag.jpg', '다이소', 40, 9000, '다양한 모델 호환 먼지봉투'),
('cat003', '방향제 리필 세트', null, 'airfresh.jpg', '오늘의집', 80, 10000, '은은한 향기의 리필형 방향제'),
('cat003', '전기 포트', null, 'kettle.jpg', '다이소', 30, 27000, '자동 전원 차단 기능 포함'),
('cat003', '욕실 발매트', 'M', 'bathmat.jpg', '오늘의집', 25, 15000, '흡수력 좋은 발매트'),
('cat003', '주방세제', null, 'dishsoap.jpg', '다이소', 100, 8000, '자연 유래 성분 주방세제'),
('cat003', '코튼 쿠션 커버', null, 'cushion.jpg', '오늘의집', 70, 9000, '포근한 감촉의 쿠션 커버'),
('cat003', 'LED 무드등', null, 'moodlight.jpg', '다이소', 45, 20000, '은은한 조명의 무드등'),
('cat003', '코팅 접이식 테이블', null, 'table.jpg', '오늘의집', 20, 33000, '컴팩트한 크기의 간이 테이블'),
('cat003', '수납함', null, 'box.jpg', '다이소', 35, 18000, '공간 활용 최적 수납함'),
('cat003', '4인용 식탁 세트', NULL, 'dining1.jpg', '이케아', 25, 159000, '모던한 디자인의 4인용 식탁 세트'),
('cat003', '무소음 벽시계', NULL, 'clock2.jpg', '한샘', 40, 29000, '거실이나 방에 어울리는 벽시계'),
('cat003', '스탠드 조명', NULL, 'lamp3.jpg', '이케아', 32, 23000, '은은한 분위기의 스탠드 조명'),
('cat003', '천연세제 3종 세트', NULL, 'cleanser4.jpg', '생활공작소', 50, 14000, '환경 친화적인 세제 세트'),
('cat003', '전기포트', NULL, 'kettle5.jpg', '테팔', 60, 39000, '빠른 가열의 1.7L 전기포트'),
('cat003', '다용도 수납함', NULL, 'storage6.jpg', '한샘', 70, 18000, '깔끔한 정리를 위한 수납함'),
('cat003', '방수 샤워커튼', NULL, 'curtain7.jpg', '이케아', 45, 13000, '욕실용 방수 샤워커튼'),
('cat003', '슬라이딩 옷걸이', NULL, 'hanger8.jpg', '홈플러스', 55, 17000, '좁은 공간에 최적화된 옷걸이'),
('cat003', '욕실 슬리퍼', NULL, 'bathslipper9.jpg', '이케아', 80, 8000, '미끄럼 방지 욕실 슬리퍼'),
('cat003', '전자렌지용 밀폐용기', NULL, 'container10.jpg', '리큅', 65, 15000, '전자렌지 사용 가능한 밀폐용기'),
('cat003', '리클라이너 소파', NULL, 'recliner11.jpg', '한샘', 15, 179000, '편안한 착석감의 리클라이너'),
('cat003', '냄비 세트 5종', NULL, 'cookset12.jpg', '쿠첸', 35, 98000, '인덕션 호환 가능한 냄비세트'),
('cat003', '패브릭 방향제', NULL, 'freshener13.jpg', '생활공작소', 75, 9000, '섬유에 사용 가능한 방향제'),
('cat003', '미니 공기청정기', NULL, 'aircleaner14.jpg', '삼성', 20, 29000, '책상 위에도 놓을 수 있는 미니 청정기'),
('cat003', 'LED 센서등', NULL, 'ledlight15.jpg', 'LG', 40, 27000, '자동 점등되는 센서등'),
('cat003', '스텐 텀블러 500ml', null, 'tumbler.jpg', '오늘의집', 60, 12000, '보온보냉 기능 탁월한 텀블러'),
('cat003', '청소기용 먼지봉투', null, 'dustbag.jpg', '다이소', 40, 9000, '다양한 모델 호환 먼지봉투'),
('cat003', '방향제 리필 세트', null, 'airfresh.jpg', '오늘의집', 80, 10000, '은은한 향기의 리필형 방향제'),
('cat003', '전기 포트', null, 'kettle.jpg', '다이소', 30, 27000, '자동 전원 차단 기능 포함'),
('cat003', '욕실 발매트', 'M', 'bathmat.jpg', '오늘의집', 25, 15000, '흡수력 좋은 발매트'),
('cat003', '주방세제', null, 'dishsoap.jpg', '다이소', 100, 8000, '자연 유래 성분 주방세제'),
('cat003', '코튼 쿠션 커버', null, 'cushion.jpg', '오늘의집', 70, 9000, '포근한 감촉의 쿠션 커버'),
('cat003', 'LED 무드등', null, 'moodlight.jpg', '다이소', 45, 20000, '은은한 조명의 무드등'),
('cat003', '코팅 접이식 테이블', null, 'table.jpg', '오늘의집', 20, 33000, '컴팩트한 크기의 간이 테이블'),
('cat003', '수납함', null, 'box.jpg', '다이소', 35, 18000, '공간 활용 최적 수납함'),
('cat003', '4인용 식탁 세트', NULL, 'dining1.jpg', '이케아', 25, 159000, '모던한 디자인의 4인용 식탁 세트'),
('cat003', '무소음 벽시계', NULL, 'clock2.jpg', '한샘', 40, 29000, '거실이나 방에 어울리는 벽시계'),
('cat003', '스탠드 조명', NULL, 'lamp3.jpg', '이케아', 32, 23000, '은은한 분위기의 스탠드 조명'),
('cat003', '천연세제 3종 세트', NULL, 'cleanser4.jpg', '생활공작소', 50, 14000, '환경 친화적인 세제 세트'),
('cat003', '전기포트', NULL, 'kettle5.jpg', '테팔', 60, 39000, '빠른 가열의 1.7L 전기포트'),
('cat003', '다용도 수납함', NULL, 'storage6.jpg', '한샘', 70, 18000, '깔끔한 정리를 위한 수납함'),
('cat003', '방수 샤워커튼', NULL, 'curtain7.jpg', '이케아', 45, 13000, '욕실용 방수 샤워커튼'),
('cat003', '슬라이딩 옷걸이', NULL, 'hanger8.jpg', '홈플러스', 55, 17000, '좁은 공간에 최적화된 옷걸이'),
('cat003', '욕실 슬리퍼', NULL, 'bathslipper9.jpg', '이케아', 80, 8000, '미끄럼 방지 욕실 슬리퍼'),
('cat003', '전자렌지용 밀폐용기', NULL, 'container10.jpg', '리큅', 65, 15000, '전자렌지 사용 가능한 밀폐용기'),
('cat003', '리클라이너 소파', NULL, 'recliner11.jpg', '한샘', 15, 179000, '편안한 착석감의 리클라이너'),
('cat003', '냄비 세트 5종', NULL, 'cookset12.jpg', '쿠첸', 35, 98000, '인덕션 호환 가능한 냄비세트'),
('cat003', '패브릭 방향제', NULL, 'freshener13.jpg', '생활공작소', 75, 9000, '섬유에 사용 가능한 방향제'),
('cat003', '미니 공기청정기', NULL, 'aircleaner14.jpg', '삼성', 20, 29000, '책상 위에도 놓을 수 있는 미니 청정기'),
('cat003', 'LED 센서등', NULL, 'ledlight15.jpg', 'LG', 40, 27000, '자동 점등되는 센서등'),
('cat003', '스텐 텀블러 500ml', null, 'tumbler.jpg', '오늘의집', 60, 12000, '보온보냉 기능 탁월한 텀블러'),
('cat003', '청소기용 먼지봉투', null, 'dustbag.jpg', '다이소', 40, 9000, '다양한 모델 호환 먼지봉투'),
('cat003', '방향제 리필 세트', null, 'airfresh.jpg', '오늘의집', 80, 10000, '은은한 향기의 리필형 방향제'),
('cat003', '전기 포트', null, 'kettle.jpg', '다이소', 30, 27000, '자동 전원 차단 기능 포함'),
('cat003', '욕실 발매트', 'M', 'bathmat.jpg', '오늘의집', 25, 15000, '흡수력 좋은 발매트'),
('cat003', '주방세제', null, 'dishsoap.jpg', '다이소', 100, 8000, '자연 유래 성분 주방세제'),
('cat003', '코튼 쿠션 커버', null, 'cushion.jpg', '오늘의집', 70, 9000, '포근한 감촉의 쿠션 커버'),
('cat003', 'LED 무드등', null, 'moodlight.jpg', '다이소', 45, 20000, '은은한 조명의 무드등'),
('cat003', '코팅 접이식 테이블', null, 'table.jpg', '오늘의집', 20, 33000, '컴팩트한 크기의 간이 테이블'),
('cat003', '수납함', null, 'box.jpg', '다이소', 35, 18000, '공간 활용 최적 수납함'),
('cat003', '4인용 식탁 세트', NULL, 'dining1.jpg', '이케아', 25, 159000, '모던한 디자인의 4인용 식탁 세트'),
('cat003', '무소음 벽시계', NULL, 'clock2.jpg', '한샘', 40, 29000, '거실이나 방에 어울리는 벽시계'),
('cat003', '스탠드 조명', NULL, 'lamp3.jpg', '이케아', 32, 23000, '은은한 분위기의 스탠드 조명'),
('cat003', '천연세제 3종 세트', NULL, 'cleanser4.jpg', '생활공작소', 50, 14000, '환경 친화적인 세제 세트'),
('cat003', '전기포트', NULL, 'kettle5.jpg', '테팔', 60, 39000, '빠른 가열의 1.7L 전기포트'),
('cat003', '다용도 수납함', NULL, 'storage6.jpg', '한샘', 70, 18000, '깔끔한 정리를 위한 수납함'),
('cat003', '방수 샤워커튼', NULL, 'curtain7.jpg', '이케아', 45, 13000, '욕실용 방수 샤워커튼'),
('cat003', '슬라이딩 옷걸이', NULL, 'hanger8.jpg', '홈플러스', 55, 17000, '좁은 공간에 최적화된 옷걸이'),
('cat003', '욕실 슬리퍼', NULL, 'bathslipper9.jpg', '이케아', 80, 8000, '미끄럼 방지 욕실 슬리퍼'),
('cat003', '전자렌지용 밀폐용기', NULL, 'container10.jpg', '리큅', 65, 15000, '전자렌지 사용 가능한 밀폐용기'),
('cat003', '리클라이너 소파', NULL, 'recliner11.jpg', '한샘', 15, 179000, '편안한 착석감의 리클라이너'),
('cat003', '냄비 세트 5종', NULL, 'cookset12.jpg', '쿠첸', 35, 98000, '인덕션 호환 가능한 냄비세트'),
('cat003', '패브릭 방향제', NULL, 'freshener13.jpg', '생활공작소', 75, 9000, '섬유에 사용 가능한 방향제'),
('cat003', '미니 공기청정기', NULL, 'aircleaner14.jpg', '삼성', 20, 29000, '책상 위에도 놓을 수 있는 미니 청정기'),
('cat003', 'LED 센서등', NULL, 'ledlight15.jpg', 'LG', 40, 27000, '자동 점등되는 센서등'),

-- cat004: 스포츠/레저
('cat004', '요가 매트', null, 'yogamat.jpg', '데카트론', 70, 22000, '쿠션감 좋은 친환경 요가매트'),
('cat004', '등산 배낭', null, 'backpack.jpg', '콜맨', 25, 49000, '여행 및 캠핑용 경량 백팩'),
('cat004', '캠핑용 해먹', null, 'hammock.jpg', '데카트론', 20, 26000, '숲속 힐링템, 접이식 해먹'),
('cat004', '아령 5kg 2개 세트', null, 'dumbbell.jpg', '콜맨', 15, 33000, '운동 초보자용 덤벨'),
('cat004', '러닝화 남성용', null, 'shoes.jpg', '데카트론', 35, 58000, '편안한 쿠션감의 러닝화'),
('cat004', '물놀이 튜브', null, 'tube.jpg', '콜맨', 40, 12000, '여름 필수 아이템'),
('cat004', '스포츠 양말 5족', null, 'socks.jpg', '데카트론', 60, 15000, '흡습 속건 기능 탁월'),
('cat004', '자전거 헬멧', null, 'helmet.jpg', '콜맨', 18, 42000, '안전성 인증 제품'),
('cat004', '테니스 라켓 세트', null, 'tennis.jpg', '데카트론', 10, 62000, '입문용 라켓과 공 세트'),
('cat004', '등산 스틱 2개입', null, 'stick.jpg', '콜맨', 22, 19000, '접이식 경량 등산스틱'),
('cat004', '경량 러닝화', NULL, 'running1.jpg', '나이키', 60, 15000, '가볍고 편안한 착용감의 러닝화'),
('cat004', '요가 매트', NULL, 'yogamat2.jpg', '데카트론', 40, 29000, '미끄럼 방지 요가 매트'),
('cat004', '남성 트레이닝복', NULL, 'training3.jpg', '언더아머', 35, 24000, '신축성 좋은 운동복 세트'),
('cat004', '헬스 장갑', NULL, 'gloves4.jpg', '리복', 25, 19000, '손 보호용 웨이트 장갑'),
('cat004', '자전거 헬멧', NULL, 'helmet5.jpg', 'K2', 30, 42000, '안전한 라이딩을 위한 헬멧'),
('cat004', '축구공', NULL, 'soccer6.jpg', '아디다스', 45, 14000, '공인구 규격의 축구공'),
('cat004', '등산 배낭', NULL, 'backpack7.jpg', '노스페이스', 20, 41000, '40L 대용량 등산 백팩'),
('cat004', '캠핑 텐트 2인용', NULL, 'tent8.jpg', '코오롱', 18, 47000, '설치 간편한 2인용 텐트'),
('cat004', '물놀이 튜브', NULL, 'tube9.jpg', '몽벨', 70, 15000, '성인용 대형 물놀이 튜브'),
('cat004', '여름용 수영복', NULL, 'swim10.jpg', '나이키', 32, 47000, '편안한 착용감의 원피스 수영복'),
('cat004', '요가 매트', null, 'yogamat.jpg', '데카트론', 70, 22000, '쿠션감 좋은 친환경 요가매트'),
('cat004', '등산 배낭', null, 'backpack.jpg', '콜맨', 25, 49000, '여행 및 캠핑용 경량 백팩'),
('cat004', '캠핑용 해먹', null, 'hammock.jpg', '데카트론', 20, 26000, '숲속 힐링템, 접이식 해먹'),
('cat004', '아령 5kg 2개 세트', null, 'dumbbell.jpg', '콜맨', 15, 33000, '운동 초보자용 덤벨'),
('cat004', '러닝화 남성용', null, 'shoes.jpg', '데카트론', 35, 58000, '편안한 쿠션감의 러닝화'),
('cat004', '물놀이 튜브', null, 'tube.jpg', '콜맨', 40, 12000, '여름 필수 아이템'),
('cat004', '스포츠 양말 5족', null, 'socks.jpg', '데카트론', 60, 15000, '흡습 속건 기능 탁월'),
('cat004', '자전거 헬멧', null, 'helmet.jpg', '콜맨', 18, 42000, '안전성 인증 제품'),
('cat004', '테니스 라켓 세트', null, 'tennis.jpg', '데카트론', 10, 62000, '입문용 라켓과 공 세트'),
('cat004', '등산 스틱 2개입', null, 'stick.jpg', '콜맨', 22, 19000, '접이식 경량 등산스틱'),
('cat004', '경량 러닝화', NULL, 'running1.jpg', '나이키', 60, 15000, '가볍고 편안한 착용감의 러닝화'),
('cat004', '요가 매트', NULL, 'yogamat2.jpg', '데카트론', 40, 29000, '미끄럼 방지 요가 매트'),
('cat004', '남성 트레이닝복', NULL, 'training3.jpg', '언더아머', 35, 24000, '신축성 좋은 운동복 세트'),
('cat004', '헬스 장갑', NULL, 'gloves4.jpg', '리복', 25, 19000, '손 보호용 웨이트 장갑'),
('cat004', '자전거 헬멧', NULL, 'helmet5.jpg', 'K2', 30, 42000, '안전한 라이딩을 위한 헬멧'),
('cat004', '축구공', NULL, 'soccer6.jpg', '아디다스', 45, 14000, '공인구 규격의 축구공'),
('cat004', '등산 배낭', NULL, 'backpack7.jpg', '노스페이스', 20, 41000, '40L 대용량 등산 백팩'),
('cat004', '캠핑 텐트 2인용', NULL, 'tent8.jpg', '코오롱', 18, 47000, '설치 간편한 2인용 텐트'),
('cat004', '물놀이 튜브', NULL, 'tube9.jpg', '몽벨', 70, 15000, '성인용 대형 물놀이 튜브'),
('cat004', '여름용 수영복', NULL, 'swim10.jpg', '나이키', 32, 47000, '편안한 착용감의 원피스 수영복'),
('cat004', '요가 매트', null, 'yogamat.jpg', '데카트론', 70, 22000, '쿠션감 좋은 친환경 요가매트'),
('cat004', '등산 배낭', null, 'backpack.jpg', '콜맨', 25, 49000, '여행 및 캠핑용 경량 백팩'),
('cat004', '캠핑용 해먹', null, 'hammock.jpg', '데카트론', 20, 26000, '숲속 힐링템, 접이식 해먹'),
('cat004', '아령 5kg 2개 세트', null, 'dumbbell.jpg', '콜맨', 15, 33000, '운동 초보자용 덤벨'),
('cat004', '러닝화 남성용', null, 'shoes.jpg', '데카트론', 35, 58000, '편안한 쿠션감의 러닝화'),
('cat004', '물놀이 튜브', null, 'tube.jpg', '콜맨', 40, 12000, '여름 필수 아이템'),
('cat004', '스포츠 양말 5족', null, 'socks.jpg', '데카트론', 60, 15000, '흡습 속건 기능 탁월'),
('cat004', '자전거 헬멧', null, 'helmet.jpg', '콜맨', 18, 42000, '안전성 인증 제품'),
('cat004', '테니스 라켓 세트', null, 'tennis.jpg', '데카트론', 10, 62000, '입문용 라켓과 공 세트'),
('cat004', '등산 스틱 2개입', null, 'stick.jpg', '콜맨', 22, 19000, '접이식 경량 등산스틱'),
('cat004', '경량 러닝화', NULL, 'running1.jpg', '나이키', 60, 15000, '가볍고 편안한 착용감의 러닝화'),
('cat004', '요가 매트', NULL, 'yogamat2.jpg', '데카트론', 40, 29000, '미끄럼 방지 요가 매트'),
('cat004', '남성 트레이닝복', NULL, 'training3.jpg', '언더아머', 35, 24000, '신축성 좋은 운동복 세트'),
('cat004', '헬스 장갑', NULL, 'gloves4.jpg', '리복', 25, 19000, '손 보호용 웨이트 장갑'),
('cat004', '자전거 헬멧', NULL, 'helmet5.jpg', 'K2', 30, 42000, '안전한 라이딩을 위한 헬멧'),
('cat004', '축구공', NULL, 'soccer6.jpg', '아디다스', 45, 14000, '공인구 규격의 축구공'),
('cat004', '등산 배낭', NULL, 'backpack7.jpg', '노스페이스', 20, 41000, '40L 대용량 등산 백팩'),
('cat004', '캠핑 텐트 2인용', NULL, 'tent8.jpg', '코오롱', 18, 47000, '설치 간편한 2인용 텐트'),
('cat004', '물놀이 튜브', NULL, 'tube9.jpg', '몽벨', 70, 15000, '성인용 대형 물놀이 튜브'),
('cat004', '여름용 수영복', NULL, 'swim10.jpg', '나이키', 32, 47000, '편안한 착용감의 원피스 수영복'),
('cat004', '요가 매트', null, 'yogamat.jpg', '데카트론', 70, 22000, '쿠션감 좋은 친환경 요가매트'),
('cat004', '등산 배낭', null, 'backpack.jpg', '콜맨', 25, 49000, '여행 및 캠핑용 경량 백팩'),
('cat004', '캠핑용 해먹', null, 'hammock.jpg', '데카트론', 20, 26000, '숲속 힐링템, 접이식 해먹'),
('cat004', '아령 5kg 2개 세트', null, 'dumbbell.jpg', '콜맨', 15, 33000, '운동 초보자용 덤벨'),
('cat004', '러닝화 남성용', null, 'shoes.jpg', '데카트론', 35, 58000, '편안한 쿠션감의 러닝화'),
('cat004', '물놀이 튜브', null, 'tube.jpg', '콜맨', 40, 12000, '여름 필수 아이템'),
('cat004', '스포츠 양말 5족', null, 'socks.jpg', '데카트론', 60, 15000, '흡습 속건 기능 탁월'),
('cat004', '자전거 헬멧', null, 'helmet.jpg', '콜맨', 18, 42000, '안전성 인증 제품'),
('cat004', '테니스 라켓 세트', null, 'tennis.jpg', '데카트론', 10, 62000, '입문용 라켓과 공 세트'),
('cat004', '등산 스틱 2개입', null, 'stick.jpg', '콜맨', 22, 19000, '접이식 경량 등산스틱'),
('cat004', '경량 러닝화', NULL, 'running1.jpg', '나이키', 60, 15000, '가볍고 편안한 착용감의 러닝화'),
('cat004', '요가 매트', NULL, 'yogamat2.jpg', '데카트론', 40, 29000, '미끄럼 방지 요가 매트'),
('cat004', '남성 트레이닝복', NULL, 'training3.jpg', '언더아머', 35, 24000, '신축성 좋은 운동복 세트'),
('cat004', '헬스 장갑', NULL, 'gloves4.jpg', '리복', 25, 19000, '손 보호용 웨이트 장갑'),
('cat004', '자전거 헬멧', NULL, 'helmet5.jpg', 'K2', 30, 42000, '안전한 라이딩을 위한 헬멧'),
('cat004', '축구공', NULL, 'soccer6.jpg', '아디다스', 45, 14000, '공인구 규격의 축구공'),
('cat004', '등산 배낭', NULL, 'backpack7.jpg', '노스페이스', 20, 41000, '40L 대용량 등산 백팩'),
('cat004', '캠핑 텐트 2인용', NULL, 'tent8.jpg', '코오롱', 18, 47000, '설치 간편한 2인용 텐트'),
('cat004', '물놀이 튜브', NULL, 'tube9.jpg', '몽벨', 70, 15000, '성인용 대형 물놀이 튜브'),
('cat004', '여름용 수영복', NULL, 'swim10.jpg', '나이키', 32, 47000, '편안한 착용감의 원피스 수영복'),
('cat004', '요가 매트', null, 'yogamat.jpg', '데카트론', 70, 22000, '쿠션감 좋은 친환경 요가매트'),
('cat004', '등산 배낭', null, 'backpack.jpg', '콜맨', 25, 49000, '여행 및 캠핑용 경량 백팩'),
('cat004', '캠핑용 해먹', null, 'hammock.jpg', '데카트론', 20, 26000, '숲속 힐링템, 접이식 해먹'),
('cat004', '아령 5kg 2개 세트', null, 'dumbbell.jpg', '콜맨', 15, 33000, '운동 초보자용 덤벨'),
('cat004', '러닝화 남성용', null, 'shoes.jpg', '데카트론', 35, 58000, '편안한 쿠션감의 러닝화'),
('cat004', '물놀이 튜브', null, 'tube.jpg', '콜맨', 40, 12000, '여름 필수 아이템'),
('cat004', '스포츠 양말 5족', null, 'socks.jpg', '데카트론', 60, 15000, '흡습 속건 기능 탁월'),
('cat004', '자전거 헬멧', null, 'helmet.jpg', '콜맨', 18, 42000, '안전성 인증 제품'),
('cat004', '테니스 라켓 세트', null, 'tennis.jpg', '데카트론', 10, 62000, '입문용 라켓과 공 세트'),
('cat004', '등산 스틱 2개입', null, 'stick.jpg', '콜맨', 22, 19000, '접이식 경량 등산스틱'),
('cat004', '경량 러닝화', NULL, 'running1.jpg', '나이키', 60, 15000, '가볍고 편안한 착용감의 러닝화'),
('cat004', '요가 매트', NULL, 'yogamat2.jpg', '데카트론', 40, 29000, '미끄럼 방지 요가 매트'),
('cat004', '남성 트레이닝복', NULL, 'training3.jpg', '언더아머', 35, 24000, '신축성 좋은 운동복 세트'),
('cat004', '헬스 장갑', NULL, 'gloves4.jpg', '리복', 25, 19000, '손 보호용 웨이트 장갑'),
('cat004', '자전거 헬멧', NULL, 'helmet5.jpg', 'K2', 30, 42000, '안전한 라이딩을 위한 헬멧'),
('cat004', '축구공', NULL, 'soccer6.jpg', '아디다스', 45, 14000, '공인구 규격의 축구공'),
('cat004', '등산 배낭', NULL, 'backpack7.jpg', '노스페이스', 20, 41000, '40L 대용량 등산 백팩'),
('cat004', '캠핑 텐트 2인용', NULL, 'tent8.jpg', '코오롱', 18, 47000, '설치 간편한 2인용 텐트'),
('cat004', '물놀이 튜브', NULL, 'tube9.jpg', '몽벨', 70, 15000, '성인용 대형 물놀이 튜브'),
('cat004', '여름용 수영복', NULL, 'swim10.jpg', '나이키', 32, 47000, '편안한 착용감의 원피스 수영복'),


-- cat005: 미디어/오피스
('cat005', '무선 마우스', null, 'mouse.jpg', '로지텍', 150, 17000, '편안한 그립감의 무선 마우스'),
('cat005', 'A4 복사용지', null, 'a4paper.jpg', '알파문구', 200, 8000, '고급 품질의 복사용지'),
('cat005', '키보드', null, 'keyboard.jpg', '로지텍', 60, 32000, '사무용 입문 세트'),
('cat005', 'USB 메모리', null, 'usb.jpg', '알파문구', 90, 14000, '고속 전송 USB 3.0'),
('cat005', '노트북 거치대', null, 'stand.jpg', '로지텍', 50, 27000, '목 건강을 위한 각도 조절'),
('cat005', '모니터 받침대', null, 'monitorstand.jpg', '알파문구', 25, 25000, '책상 정리에 딱'),
('cat005', '무선 이어폰', null, 'earbuds.jpg', '로지텍', 35, 59000, '음질 좋은 블루투스 이어폰'),
('cat005', 'HDMI 케이블', null, 'hdmi.jpg', '알파문구', 100, 7000, '4K 지원 고화질 케이블'),
('cat005', '화이트보드 마카', null, 'markers.jpg', '로지텍', 60, 5000, '선명한 필기감의 마커'),
('cat005', '데스크 정리함', null, 'organizer.jpg', '알파문구', 40, 21000, '펜, 메모지 정리용'),
('cat005', '무선 마우스', NULL, 'mouse1.jpg', '로지텍', 70, 22000, '컴팩트한 디자인의 무선 마우스'),
('cat005', '키보드 마우스 세트', NULL, 'keyboard2.jpg', 'HP', 50, 39000, '사무용 키보드 & 마우스 세트'),
('cat005', '27인치 모니터', NULL, 'monitor3.jpg', '삼성전자', 30, 189000, 'FHD 해상도의 슬림 모니터'),
('cat005', '잉크젯 프린터', NULL, 'printer4.jpg', '캐논', 20, 87000, '가정용 복합 잉크젯 프린터'),
('cat005', '블루투스 스피커', NULL, 'speaker5.jpg', 'LG전자', 40, 56000, '고음질 블루투스 포터블 스피커'),
('cat005', '무선 이어폰', NULL, 'earbuds6.jpg', '애플', 60, 189000, '액티브 노이즈 캔슬링 기능 탑재'),
('cat005', '노트북 거치대', NULL, 'stand7.jpg', '마이크로소프트', 75, 26000, '인체공학적 각도 조절 스탠드'),
('cat005', 'USB 3.0 허브', NULL, 'hub8.jpg', '에이수스', 55, 18000, '고속 전송 USB 허브'),
('cat005', '외장하드 1TB', NULL, 'hdd9.jpg', '웨스턴디지털', 35, 79000, '데이터 백업용 휴대용 외장하드'),
('cat005', '웹캠 FHD', NULL, 'webcam10.jpg', '로지텍', 25, 17000, '화상 회의용 FHD 웹캠'),
('cat005', '무선 마우스', null, 'mouse.jpg', '로지텍', 150, 17000, '편안한 그립감의 무선 마우스'),
('cat005', 'A4 복사용지', null, 'a4paper.jpg', '알파문구', 200, 8000, '고급 품질의 복사용지'),
('cat005', '키보드', null, 'keyboard.jpg', '로지텍', 60, 32000, '사무용 입문 세트'),
('cat005', 'USB 메모리', null, 'usb.jpg', '알파문구', 90, 14000, '고속 전송 USB 3.0'),
('cat005', '노트북 거치대', null, 'stand.jpg', '로지텍', 50, 27000, '목 건강을 위한 각도 조절'),
('cat005', '모니터 받침대', null, 'monitorstand.jpg', '알파문구', 25, 25000, '책상 정리에 딱'),
('cat005', '무선 이어폰', null, 'earbuds.jpg', '로지텍', 35, 59000, '음질 좋은 블루투스 이어폰'),
('cat005', 'HDMI 케이블', null, 'hdmi.jpg', '알파문구', 100, 7000, '4K 지원 고화질 케이블'),
('cat005', '화이트보드 마카', null, 'markers.jpg', '로지텍', 60, 5000, '선명한 필기감의 마커'),
('cat005', '데스크 정리함', null, 'organizer.jpg', '알파문구', 40, 21000, '펜, 메모지 정리용'),
('cat005', '무선 마우스', NULL, 'mouse1.jpg', '로지텍', 70, 22000, '컴팩트한 디자인의 무선 마우스'),
('cat005', '키보드 마우스 세트', NULL, 'keyboard2.jpg', 'HP', 50, 39000, '사무용 키보드 & 마우스 세트'),
('cat005', '27인치 모니터', NULL, 'monitor3.jpg', '삼성전자', 30, 189000, 'FHD 해상도의 슬림 모니터'),
('cat005', '잉크젯 프린터', NULL, 'printer4.jpg', '캐논', 20, 87000, '가정용 복합 잉크젯 프린터'),
('cat005', '블루투스 스피커', NULL, 'speaker5.jpg', 'LG전자', 40, 56000, '고음질 블루투스 포터블 스피커'),
('cat005', '무선 이어폰', NULL, 'earbuds6.jpg', '애플', 60, 189000, '액티브 노이즈 캔슬링 기능 탑재'),
('cat005', '노트북 거치대', NULL, 'stand7.jpg', '마이크로소프트', 75, 26000, '인체공학적 각도 조절 스탠드'),
('cat005', 'USB 3.0 허브', NULL, 'hub8.jpg', '에이수스', 55, 18000, '고속 전송 USB 허브'),
('cat005', '외장하드 1TB', NULL, 'hdd9.jpg', '웨스턴디지털', 35, 79000, '데이터 백업용 휴대용 외장하드'),
('cat005', '웹캠 FHD', NULL, 'webcam10.jpg', '로지텍', 25, 17000, '화상 회의용 FHD 웹캠'),
('cat005', '무선 마우스', null, 'mouse.jpg', '로지텍', 150, 17000, '편안한 그립감의 무선 마우스'),
('cat005', 'A4 복사용지', null, 'a4paper.jpg', '알파문구', 200, 8000, '고급 품질의 복사용지'),
('cat005', '키보드', null, 'keyboard.jpg', '로지텍', 60, 32000, '사무용 입문 세트'),
('cat005', 'USB 메모리', null, 'usb.jpg', '알파문구', 90, 14000, '고속 전송 USB 3.0'),
('cat005', '노트북 거치대', null, 'stand.jpg', '로지텍', 50, 27000, '목 건강을 위한 각도 조절'),
('cat005', '모니터 받침대', null, 'monitorstand.jpg', '알파문구', 25, 25000, '책상 정리에 딱'),
('cat005', '무선 이어폰', null, 'earbuds.jpg', '로지텍', 35, 59000, '음질 좋은 블루투스 이어폰'),
('cat005', 'HDMI 케이블', null, 'hdmi.jpg', '알파문구', 100, 7000, '4K 지원 고화질 케이블'),
('cat005', '화이트보드 마카', null, 'markers.jpg', '로지텍', 60, 5000, '선명한 필기감의 마커'),
('cat005', '데스크 정리함', null, 'organizer.jpg', '알파문구', 40, 21000, '펜, 메모지 정리용'),
('cat005', '무선 마우스', NULL, 'mouse1.jpg', '로지텍', 70, 22000, '컴팩트한 디자인의 무선 마우스'),
('cat005', '키보드 마우스 세트', NULL, 'keyboard2.jpg', 'HP', 50, 39000, '사무용 키보드 & 마우스 세트'),
('cat005', '27인치 모니터', NULL, 'monitor3.jpg', '삼성전자', 30, 189000, 'FHD 해상도의 슬림 모니터'),
('cat005', '잉크젯 프린터', NULL, 'printer4.jpg', '캐논', 20, 87000, '가정용 복합 잉크젯 프린터'),
('cat005', '블루투스 스피커', NULL, 'speaker5.jpg', 'LG전자', 40, 56000, '고음질 블루투스 포터블 스피커'),
('cat005', '무선 이어폰', NULL, 'earbuds6.jpg', '애플', 60, 189000, '액티브 노이즈 캔슬링 기능 탑재'),
('cat005', '노트북 거치대', NULL, 'stand7.jpg', '마이크로소프트', 75, 26000, '인체공학적 각도 조절 스탠드'),
('cat005', 'USB 3.0 허브', NULL, 'hub8.jpg', '에이수스', 55, 18000, '고속 전송 USB 허브'),
('cat005', '외장하드 1TB', NULL, 'hdd9.jpg', '웨스턴디지털', 35, 79000, '데이터 백업용 휴대용 외장하드'),
('cat005', '웹캠 FHD', NULL, 'webcam10.jpg', '로지텍', 25, 17000, '화상 회의용 FHD 웹캠'),
('cat005', '무선 마우스', null, 'mouse.jpg', '로지텍', 150, 17000, '편안한 그립감의 무선 마우스'),
('cat005', 'A4 복사용지', null, 'a4paper.jpg', '알파문구', 200, 8000, '고급 품질의 복사용지'),
('cat005', '키보드', null, 'keyboard.jpg', '로지텍', 60, 32000, '사무용 입문 세트'),
('cat005', 'USB 메모리', null, 'usb.jpg', '알파문구', 90, 14000, '고속 전송 USB 3.0'),
('cat005', '노트북 거치대', null, 'stand.jpg', '로지텍', 50, 27000, '목 건강을 위한 각도 조절'),
('cat005', '모니터 받침대', null, 'monitorstand.jpg', '알파문구', 25, 25000, '책상 정리에 딱'),
('cat005', '무선 이어폰', null, 'earbuds.jpg', '로지텍', 35, 59000, '음질 좋은 블루투스 이어폰'),
('cat005', 'HDMI 케이블', null, 'hdmi.jpg', '알파문구', 100, 7000, '4K 지원 고화질 케이블'),
('cat005', '화이트보드 마카', null, 'markers.jpg', '로지텍', 60, 5000, '선명한 필기감의 마커'),
('cat005', '데스크 정리함', null, 'organizer.jpg', '알파문구', 40, 21000, '펜, 메모지 정리용'),
('cat005', '무선 마우스', NULL, 'mouse1.jpg', '로지텍', 70, 22000, '컴팩트한 디자인의 무선 마우스'),
('cat005', '키보드 마우스 세트', NULL, 'keyboard2.jpg', 'HP', 50, 39000, '사무용 키보드 & 마우스 세트'),
('cat005', '27인치 모니터', NULL, 'monitor3.jpg', '삼성전자', 30, 189000, 'FHD 해상도의 슬림 모니터'),
('cat005', '잉크젯 프린터', NULL, 'printer4.jpg', '캐논', 20, 87000, '가정용 복합 잉크젯 프린터'),
('cat005', '블루투스 스피커', NULL, 'speaker5.jpg', 'LG전자', 40, 56000, '고음질 블루투스 포터블 스피커'),
('cat005', '무선 이어폰', NULL, 'earbuds6.jpg', '애플', 60, 189000, '액티브 노이즈 캔슬링 기능 탑재'),
('cat005', '노트북 거치대', NULL, 'stand7.jpg', '마이크로소프트', 75, 26000, '인체공학적 각도 조절 스탠드'),
('cat005', 'USB 3.0 허브', NULL, 'hub8.jpg', '에이수스', 55, 18000, '고속 전송 USB 허브'),
('cat005', '외장하드 1TB', NULL, 'hdd9.jpg', '웨스턴디지털', 35, 79000, '데이터 백업용 휴대용 외장하드'),
('cat005', '웹캠 FHD', NULL, 'webcam10.jpg', '로지텍', 25, 17000, '화상 회의용 FHD 웹캠'),
('cat005', '무선 마우스', null, 'mouse.jpg', '로지텍', 150, 17000, '편안한 그립감의 무선 마우스'),
('cat005', 'A4 복사용지', null, 'a4paper.jpg', '알파문구', 200, 8000, '고급 품질의 복사용지'),
('cat005', '키보드', null, 'keyboard.jpg', '로지텍', 60, 32000, '사무용 입문 세트'),
('cat005', 'USB 메모리', null, 'usb.jpg', '알파문구', 90, 14000, '고속 전송 USB 3.0'),
('cat005', '노트북 거치대', null, 'stand.jpg', '로지텍', 50, 27000, '목 건강을 위한 각도 조절'),
('cat005', '모니터 받침대', null, 'monitorstand.jpg', '알파문구', 25, 25000, '책상 정리에 딱'),
('cat005', '무선 이어폰', null, 'earbuds.jpg', '로지텍', 35, 59000, '음질 좋은 블루투스 이어폰'),
('cat005', 'HDMI 케이블', null, 'hdmi.jpg', '알파문구', 100, 7000, '4K 지원 고화질 케이블'),
('cat005', '화이트보드 마카', null, 'markers.jpg', '로지텍', 60, 5000, '선명한 필기감의 마커'),
('cat005', '데스크 정리함', null, 'organizer.jpg', '알파문구', 40, 21000, '펜, 메모지 정리용'),
('cat005', '무선 마우스', NULL, 'mouse1.jpg', '로지텍', 70, 22000, '컴팩트한 디자인의 무선 마우스'),
('cat005', '키보드 마우스 세트', NULL, 'keyboard2.jpg', 'HP', 50, 39000, '사무용 키보드 & 마우스 세트'),
('cat005', '27인치 모니터', NULL, 'monitor3.jpg', '삼성전자', 30, 189000, 'FHD 해상도의 슬림 모니터'),
('cat005', '잉크젯 프린터', NULL, 'printer4.jpg', '캐논', 20, 87000, '가정용 복합 잉크젯 프린터'),
('cat005', '블루투스 스피커', NULL, 'speaker5.jpg', 'LG전자', 40, 56000, '고음질 블루투스 포터블 스피커'),
('cat005', '무선 이어폰', NULL, 'earbuds6.jpg', '애플', 60, 189000, '액티브 노이즈 캔슬링 기능 탑재'),
('cat005', '노트북 거치대', NULL, 'stand7.jpg', '마이크로소프트', 75, 26000, '인체공학적 각도 조절 스탠드'),
('cat005', 'USB 3.0 허브', NULL, 'hub8.jpg', '에이수스', 55, 18000, '고속 전송 USB 허브'),
('cat005', '외장하드 1TB', NULL, 'hdd9.jpg', '웨스턴디지털', 35, 79000, '데이터 백업용 휴대용 외장하드'),
('cat005', '웹캠 FHD', NULL, 'webcam10.jpg', '로지텍', 25, 17000, '화상 회의용 FHD 웹캠'),

-- cat006: 완구/반려동물
('cat006', '고양이 낚싯대 장난감', null, 'cattoy.jpg', '펫프렌즈', 90, 6000, '고양이와 놀아주는 장난감'),
('cat006', '블록 조립 완구 세트', null, 'blocks.jpg', '토이저러스', 35, 32000, '창의력을 키우는 장난감'),
('cat006', '강아지 간식 3종', null, 'dogsnack.jpg', '펫프렌즈', 70, 14000, '건강한 반려견 간식'),
('cat006', '퍼즐 맞추기 세트', null, 'puzzle.jpg', '토이저러스', 40, 11000, '두뇌 회전용 퍼즐'),
('cat006', '고양이 캣타워', null, 'cattower.jpg', '펫프렌즈', 15, 72000, '놀이와 휴식 겸용'),
('cat006', 'RC 자동차', null, 'rc.jpg', '토이저러스', 20, 55000, '무선 조종 미니카'),
('cat006', '강아지 배변 패드', null, 'pad.jpg', '펫프렌즈', 120, 18000, '흡수력 좋은 패드'),
('cat006', '슬라임 만들기 키트', null, 'slime.jpg', '토이저러스', 30, 17000, '아이들을 위한 창의놀이'),
('cat006', '고양이 자동 급식기', null, 'feeder.jpg', '펫프렌즈', 25, 48000, '정해진 시간 자동 급식'),
('cat006', '공룡 피규어 세트', null, 'dino.jpg', '토이저러스', 50, 23000, '리얼한 공룡 모형 세트'),
('cat006', '강아지 사료 3kg', NULL, 'dogfood1.jpg', '펫프렌즈', 50, 27000, '전연령용 균형 잡힌 강아지 사료'),
('cat006', '고양이 츄르', NULL, 'churu2.jpg', '하림펫푸드', 80, 12000, '참치맛 고양이 간식 츄르'),
('cat006', '인터랙티브 고양이 장난감', NULL, 'toy3.jpg', '로얄캐닌', 35, 21000, '자동으로 움직이는 고양이 장난감'),
('cat006', '애견 샴푸', NULL, 'shampoo4.jpg', '퓨리나', 60, 15000, '민감한 피부를 위한 저자극 샴푸'),
('cat006', '고양이 스크래쳐', NULL, 'scratcher5.jpg', '버박', 40, 25000, '스트레스 해소용 스크래쳐'),
('cat006', '펫 전용 물병', NULL, 'bottle6.jpg', '웰니스', 55, 9000, '산책 시 간편한 휴대용 물병'),
('cat006', '고양이 모래 6L', NULL, 'litter7.jpg', '하림펫푸드', 45, 38000, '먼지 적고 응고력 좋은 고양이 모래'),
('cat006', '강아지 이갈이 껌', NULL, 'chew8.jpg', '도기맨', 70, 8000, '치석 제거에 도움을 주는 껌'),
('cat006', '애완동물용 식기세트', NULL, 'bowl9.jpg', '아마존', 38, 14000, '스테인리스 이중식기 세트'),
('cat006', '고양이 해먹', NULL, 'hammock10.jpg', '이케아', 25, 30000, '창문 부착형 휴식 공간'),
('cat006', '고양이 낚싯대 장난감', null, 'cattoy.jpg', '펫프렌즈', 90, 6000, '고양이와 놀아주는 장난감'),
('cat006', '블록 조립 완구 세트', null, 'blocks.jpg', '토이저러스', 35, 32000, '창의력을 키우는 장난감'),
('cat006', '강아지 간식 3종', null, 'dogsnack.jpg', '펫프렌즈', 70, 14000, '건강한 반려견 간식'),
('cat006', '퍼즐 맞추기 세트', null, 'puzzle.jpg', '토이저러스', 40, 11000, '두뇌 회전용 퍼즐'),
('cat006', '고양이 캣타워', null, 'cattower.jpg', '펫프렌즈', 15, 72000, '놀이와 휴식 겸용'),
('cat006', 'RC 자동차', null, 'rc.jpg', '토이저러스', 20, 55000, '무선 조종 미니카'),
('cat006', '강아지 배변 패드', null, 'pad.jpg', '펫프렌즈', 120, 18000, '흡수력 좋은 패드'),
('cat006', '슬라임 만들기 키트', null, 'slime.jpg', '토이저러스', 30, 17000, '아이들을 위한 창의놀이'),
('cat006', '고양이 자동 급식기', null, 'feeder.jpg', '펫프렌즈', 25, 48000, '정해진 시간 자동 급식'),
('cat006', '공룡 피규어 세트', null, 'dino.jpg', '토이저러스', 50, 23000, '리얼한 공룡 모형 세트'),
('cat006', '강아지 사료 3kg', NULL, 'dogfood1.jpg', '펫프렌즈', 50, 27000, '전연령용 균형 잡힌 강아지 사료'),
('cat006', '고양이 츄르', NULL, 'churu2.jpg', '하림펫푸드', 80, 12000, '참치맛 고양이 간식 츄르'),
('cat006', '인터랙티브 고양이 장난감', NULL, 'toy3.jpg', '로얄캐닌', 35, 21000, '자동으로 움직이는 고양이 장난감'),
('cat006', '애견 샴푸', NULL, 'shampoo4.jpg', '퓨리나', 60, 15000, '민감한 피부를 위한 저자극 샴푸'),
('cat006', '고양이 스크래쳐', NULL, 'scratcher5.jpg', '버박', 40, 25000, '스트레스 해소용 스크래쳐'),
('cat006', '펫 전용 물병', NULL, 'bottle6.jpg', '웰니스', 55, 9000, '산책 시 간편한 휴대용 물병'),
('cat006', '고양이 모래 6L', NULL, 'litter7.jpg', '하림펫푸드', 45, 38000, '먼지 적고 응고력 좋은 고양이 모래'),
('cat006', '강아지 이갈이 껌', NULL, 'chew8.jpg', '도기맨', 70, 8000, '치석 제거에 도움을 주는 껌'),
('cat006', '애완동물용 식기세트', NULL, 'bowl9.jpg', '아마존', 38, 14000, '스테인리스 이중식기 세트'),
('cat006', '고양이 해먹', NULL, 'hammock10.jpg', '이케아', 25, 30000, '창문 부착형 휴식 공간'),
('cat006', '고양이 낚싯대 장난감', null, 'cattoy.jpg', '펫프렌즈', 90, 6000, '고양이와 놀아주는 장난감'),
('cat006', '블록 조립 완구 세트', null, 'blocks.jpg', '토이저러스', 35, 32000, '창의력을 키우는 장난감'),
('cat006', '강아지 간식 3종', null, 'dogsnack.jpg', '펫프렌즈', 70, 14000, '건강한 반려견 간식'),
('cat006', '퍼즐 맞추기 세트', null, 'puzzle.jpg', '토이저러스', 40, 11000, '두뇌 회전용 퍼즐'),
('cat006', '고양이 캣타워', null, 'cattower.jpg', '펫프렌즈', 15, 72000, '놀이와 휴식 겸용'),
('cat006', 'RC 자동차', null, 'rc.jpg', '토이저러스', 20, 55000, '무선 조종 미니카'),
('cat006', '강아지 배변 패드', null, 'pad.jpg', '펫프렌즈', 120, 18000, '흡수력 좋은 패드'),
('cat006', '슬라임 만들기 키트', null, 'slime.jpg', '토이저러스', 30, 17000, '아이들을 위한 창의놀이'),
('cat006', '고양이 자동 급식기', null, 'feeder.jpg', '펫프렌즈', 25, 48000, '정해진 시간 자동 급식'),
('cat006', '공룡 피규어 세트', null, 'dino.jpg', '토이저러스', 50, 23000, '리얼한 공룡 모형 세트'),
('cat006', '강아지 사료 3kg', NULL, 'dogfood1.jpg', '펫프렌즈', 50, 27000, '전연령용 균형 잡힌 강아지 사료'),
('cat006', '고양이 츄르', NULL, 'churu2.jpg', '하림펫푸드', 80, 12000, '참치맛 고양이 간식 츄르'),
('cat006', '인터랙티브 고양이 장난감', NULL, 'toy3.jpg', '로얄캐닌', 35, 21000, '자동으로 움직이는 고양이 장난감'),
('cat006', '애견 샴푸', NULL, 'shampoo4.jpg', '퓨리나', 60, 15000, '민감한 피부를 위한 저자극 샴푸'),
('cat006', '고양이 스크래쳐', NULL, 'scratcher5.jpg', '버박', 40, 25000, '스트레스 해소용 스크래쳐'),
('cat006', '펫 전용 물병', NULL, 'bottle6.jpg', '웰니스', 55, 9000, '산책 시 간편한 휴대용 물병'),
('cat006', '고양이 모래 6L', NULL, 'litter7.jpg', '하림펫푸드', 45, 38000, '먼지 적고 응고력 좋은 고양이 모래'),
('cat006', '강아지 이갈이 껌', NULL, 'chew8.jpg', '도기맨', 70, 8000, '치석 제거에 도움을 주는 껌'),
('cat006', '애완동물용 식기세트', NULL, 'bowl9.jpg', '아마존', 38, 14000, '스테인리스 이중식기 세트'),
('cat006', '고양이 해먹', NULL, 'hammock10.jpg', '이케아', 25, 30000, '창문 부착형 휴식 공간'),
('cat006', '고양이 낚싯대 장난감', null, 'cattoy.jpg', '펫프렌즈', 90, 6000, '고양이와 놀아주는 장난감'),
('cat006', '블록 조립 완구 세트', null, 'blocks.jpg', '토이저러스', 35, 32000, '창의력을 키우는 장난감'),
('cat006', '강아지 간식 3종', null, 'dogsnack.jpg', '펫프렌즈', 70, 14000, '건강한 반려견 간식'),
('cat006', '퍼즐 맞추기 세트', null, 'puzzle.jpg', '토이저러스', 40, 11000, '두뇌 회전용 퍼즐'),
('cat006', '고양이 캣타워', null, 'cattower.jpg', '펫프렌즈', 15, 72000, '놀이와 휴식 겸용'),
('cat006', 'RC 자동차', null, 'rc.jpg', '토이저러스', 20, 55000, '무선 조종 미니카'),
('cat006', '강아지 배변 패드', null, 'pad.jpg', '펫프렌즈', 120, 18000, '흡수력 좋은 패드'),
('cat006', '슬라임 만들기 키트', null, 'slime.jpg', '토이저러스', 30, 17000, '아이들을 위한 창의놀이'),
('cat006', '고양이 자동 급식기', null, 'feeder.jpg', '펫프렌즈', 25, 48000, '정해진 시간 자동 급식'),
('cat006', '공룡 피규어 세트', null, 'dino.jpg', '토이저러스', 50, 23000, '리얼한 공룡 모형 세트'),
('cat006', '강아지 사료 3kg', NULL, 'dogfood1.jpg', '펫프렌즈', 50, 27000, '전연령용 균형 잡힌 강아지 사료'),
('cat006', '고양이 츄르', NULL, 'churu2.jpg', '하림펫푸드', 80, 12000, '참치맛 고양이 간식 츄르'),
('cat006', '인터랙티브 고양이 장난감', NULL, 'toy3.jpg', '로얄캐닌', 35, 21000, '자동으로 움직이는 고양이 장난감'),
('cat006', '애견 샴푸', NULL, 'shampoo4.jpg', '퓨리나', 60, 15000, '민감한 피부를 위한 저자극 샴푸'),
('cat006', '고양이 스크래쳐', NULL, 'scratcher5.jpg', '버박', 40, 25000, '스트레스 해소용 스크래쳐'),
('cat006', '펫 전용 물병', NULL, 'bottle6.jpg', '웰니스', 55, 9000, '산책 시 간편한 휴대용 물병'),
('cat006', '고양이 모래 6L', NULL, 'litter7.jpg', '하림펫푸드', 45, 38000, '먼지 적고 응고력 좋은 고양이 모래'),
('cat006', '강아지 이갈이 껌', NULL, 'chew8.jpg', '도기맨', 70, 8000, '치석 제거에 도움을 주는 껌'),
('cat006', '애완동물용 식기세트', NULL, 'bowl9.jpg', '아마존', 38, 14000, '스테인리스 이중식기 세트'),
('cat006', '고양이 해먹', NULL, 'hammock10.jpg', '이케아', 25, 30000, '창문 부착형 휴식 공간'),
('cat006', '고양이 낚싯대 장난감', null, 'cattoy.jpg', '펫프렌즈', 90, 6000, '고양이와 놀아주는 장난감'),
('cat006', '블록 조립 완구 세트', null, 'blocks.jpg', '토이저러스', 35, 32000, '창의력을 키우는 장난감'),
('cat006', '강아지 간식 3종', null, 'dogsnack.jpg', '펫프렌즈', 70, 14000, '건강한 반려견 간식'),
('cat006', '퍼즐 맞추기 세트', null, 'puzzle.jpg', '토이저러스', 40, 11000, '두뇌 회전용 퍼즐'),
('cat006', '고양이 캣타워', null, 'cattower.jpg', '펫프렌즈', 15, 72000, '놀이와 휴식 겸용'),
('cat006', 'RC 자동차', null, 'rc.jpg', '토이저러스', 20, 55000, '무선 조종 미니카'),
('cat006', '강아지 배변 패드', null, 'pad.jpg', '펫프렌즈', 120, 18000, '흡수력 좋은 패드'),
('cat006', '슬라임 만들기 키트', null, 'slime.jpg', '토이저러스', 30, 17000, '아이들을 위한 창의놀이'),
('cat006', '고양이 자동 급식기', null, 'feeder.jpg', '펫프렌즈', 25, 48000, '정해진 시간 자동 급식'),
('cat006', '공룡 피규어 세트', null, 'dino.jpg', '토이저러스', 50, 23000, '리얼한 공룡 모형 세트'),
('cat006', '강아지 사료 3kg', NULL, 'dogfood1.jpg', '펫프렌즈', 50, 27000, '전연령용 균형 잡힌 강아지 사료'),
('cat006', '고양이 츄르', NULL, 'churu2.jpg', '하림펫푸드', 80, 12000, '참치맛 고양이 간식 츄르'),
('cat006', '인터랙티브 고양이 장난감', NULL, 'toy3.jpg', '로얄캐닌', 35, 21000, '자동으로 움직이는 고양이 장난감'),
('cat006', '애견 샴푸', NULL, 'shampoo4.jpg', '퓨리나', 60, 15000, '민감한 피부를 위한 저자극 샴푸'),
('cat006', '고양이 스크래쳐', NULL, 'scratcher5.jpg', '버박', 40, 25000, '스트레스 해소용 스크래쳐'),
('cat006', '펫 전용 물병', NULL, 'bottle6.jpg', '웰니스', 55, 9000, '산책 시 간편한 휴대용 물병'),
('cat006', '고양이 모래 6L', NULL, 'litter7.jpg', '하림펫푸드', 45, 38000, '먼지 적고 응고력 좋은 고양이 모래'),
('cat006', '강아지 이갈이 껌', NULL, 'chew8.jpg', '도기맨', 70, 8000, '치석 제거에 도움을 주는 껌'),
('cat006', '애완동물용 식기세트', NULL, 'bowl9.jpg', '아마존', 38, 14000, '스테인리스 이중식기 세트'),
('cat006', '고양이 해먹', NULL, 'hammock10.jpg', '이케아', 25, 30000, '창문 부착형 휴식 공간');

-- 유저 테스트 데이터 20명
INSERT INTO user_table (u_id, name, password, address, tel, email, photo, reg_date, user_role, seller_role, del, sr_id) VALUES
('test1', '홍길동1', '$2a$10$1FImtxbM//C0fdiy3L.2guXyN2uqEuUUvekaGO7lInrIFe94q0fUS', '서울시 강남구', '010-1000-0001', 'test01@test.com', 'user_base_photo.png', NOW(), 'test', 'n', 'n', '1'),
('test2', '홍길동2', '$2a$10$1FImtxbM//C0fdiy3L.2guXyN2uqEuUUvekaGO7lInrIFe94q0fUS', '서울시 강남구', '010-1000-0002', 'test02@test.com', 'user_base_photo.png', NOW(), 'test', 'n', 'n', '2'),
('test3', '홍길동3', '$2a$10$1FImtxbM//C0fdiy3L.2guXyN2uqEuUUvekaGO7lInrIFe94q0fUS', '서울시 강남구', '010-1000-0003', 'test03@test.com', 'user_base_photo.png', NOW(), 'test', 'n', 'n', '3'),
('test4', '홍길동4', '$2a$10$1FImtxbM//C0fdiy3L.2guXyN2uqEuUUvekaGO7lInrIFe94q0fUS', '서울시 강남구', '010-1000-0004', 'test04@test.com', 'user_base_photo.png', NOW(), 'test', 'n', 'n', '4'),
('test5', '홍길동5', '$2a$10$1FImtxbM//C0fdiy3L.2guXyN2uqEuUUvekaGO7lInrIFe94q0fUS', '서울시 강남구', '010-1000-0005', 'test05@test.com', 'user_base_photo.png', NOW(), 'test', 'n', 'n', '5'),
('test6', '홍길동6', '$2a$10$1FImtxbM//C0fdiy3L.2guXyN2uqEuUUvekaGO7lInrIFe94q0fUS', '서울시 강남구', '010-1000-0006', 'test06@test.com', 'user_base_photo.png', NOW(), 'test', 'n', 'n', '6'),
('test7', '홍길동7', '$2a$10$1FImtxbM//C0fdiy3L.2guXyN2uqEuUUvekaGO7lInrIFe94q0fUS', '서울시 강남구', '010-1000-0007', 'test07@test.com', 'user_base_photo.png', NOW(), 'test', 'n', 'n', '7'),
('test8', '홍길동8', '$2a$10$1FImtxbM//C0fdiy3L.2guXyN2uqEuUUvekaGO7lInrIFe94q0fUS', '서울시 강남구', '010-1000-0008', 'test08@test.com', 'user_base_photo.png', NOW(), 'test', 'n', 'n', '8'),
('test9', '홍길동9', '$2a$10$1FImtxbM//C0fdiy3L.2guXyN2uqEuUUvekaGO7lInrIFe94q0fUS', '서울시 강남구', '010-1000-0009', 'test09@test.com', 'user_base_photo.png', NOW(), 'test', 'n', 'n', '9'),
('test10', '홍길동10', '$2a$10$1FImtxbM//C0fdiy3L.2guXyN2uqEuUUvekaGO7lInrIFe94q0fUS', '서울시 강남구', '010-1000-0010', 'test10@test.com', 'user_base_photo.png', NOW(), 'test', 'n', 'n', '10'),
('test11', '홍길동11', '$2a$10$1FImtxbM//C0fdiy3L.2guXyN2uqEuUUvekaGO7lInrIFe94q0fUS', '서울시 강남구', '010-1000-0011', 'test11@test.com', 'user_base_photo.png', NOW(), 'test', 'n', 'n', '11'),
('test12', '홍길동12', '$2a$10$1FImtxbM//C0fdiy3L.2guXyN2uqEuUUvekaGO7lInrIFe94q0fUS', '서울시 강남구', '010-1000-0012', 'test12@test.com', 'user_base_photo.png', NOW(), 'test', 'n', 'n', '12'),
('test13', '홍길동13', '$2a$10$1FImtxbM//C0fdiy3L.2guXyN2uqEuUUvekaGO7lInrIFe94q0fUS', '서울시 강남구', '010-1000-0013', 'test13@test.com', 'user_base_photo.png', NOW(), 'test', 'n', 'n', '13'),
('test14', '홍길동14', '$2a$10$1FImtxbM//C0fdiy3L.2guXyN2uqEuUUvekaGO7lInrIFe94q0fUS', '서울시 강남구', '010-1000-0014', 'test14@test.com', 'user_base_photo.png', NOW(), 'test', 'n', 'n', '14'),
('test15', '홍길동15', '$2a$10$1FImtxbM//C0fdiy3L.2guXyN2uqEuUUvekaGO7lInrIFe94q0fUS', '서울시 강남구', '010-1000-0015', 'test15@test.com', 'user_base_photo.png', NOW(), 'test', 'n', 'n', '15'),
('test16', '홍길동16', '$2a$10$1FImtxbM//C0fdiy3L.2guXyN2uqEuUUvekaGO7lInrIFe94q0fUS', '서울시 강남구', '010-1000-0016', 'test16@test.com', 'user_base_photo.png', NOW(), 'test', 'n', 'n', '16'),
('test17', '홍길동17', '$2a$10$1FImtxbM//C0fdiy3L.2guXyN2uqEuUUvekaGO7lInrIFe94q0fUS', '서울시 강남구', '010-1000-0017', 'test17@test.com', 'user_base_photo.png', NOW(), 'test', 'n', 'n', '17'),
('test18', '홍길동18', '$2a$10$1FImtxbM//C0fdiy3L.2guXyN2uqEuUUvekaGO7lInrIFe94q0fUS', '서울시 강남구', '010-1000-0018', 'test18@test.com', 'user_base_photo.png', NOW(), 'test', 'n', 'n', '18'),
('test19', '홍길동19', '$2a$10$1FImtxbM//C0fdiy3L.2guXyN2uqEuUUvekaGO7lInrIFe94q0fUS', '서울시 강남구', '010-1000-0019', 'test19@test.com', 'user_base_photo.png', NOW(), 'test', 'n', 'n', '19'),
('test20', '홍길동20', '$2a$10$1FImtxbM//C0fdiy3L.2guXyN2uqEuUUvekaGO7lInrIFe94q0fUS', '서울시 강남구', '010-1000-0020', 'test20@test.com', 'user_base_photo.png', NOW(), 'test', 'n', 'n', '20');

-- 판매자 승인요청
INSERT INTO seller_request (sr_id, on_id, sr_state, srq_at, srw_at, sr_ev, srw_pev, cn_msg, ic_id, u_id) VALUES
(1, '판매자1', 'y', NOW(), NOW(), '123-45-6701', 'ev_photo.jpg', NULL, 'cat001', 'test1'),
(2, '판매자2', 'y', NOW(), NOW(), '123-45-6702', 'ev_photo.jpg', NULL, 'cat001', 'test2'),
(3, '판매자3', 'y', NOW(), NOW(), '123-45-6703', 'ev_photo.jpg', NULL, 'cat001', 'test3'),
(4, '판매자4', 'y', NOW(), NOW(), '123-45-6704', 'ev_photo.jpg', NULL, 'cat001', 'test4'),
(5, '판매자5', 'y', NOW(), NOW(), '123-45-6705', 'ev_photo.jpg', NULL, 'cat001', 'test5'),
(6, '판매자6', 'y', NOW(), NOW(), '123-45-6706', 'ev_photo.jpg', NULL, 'cat001', 'test6'),
(7, '판매자7', 'y', NOW(), NOW(), '123-45-6707', 'ev_photo.jpg', NULL, 'cat001', 'test7'),
(8, '판매자8', 'y', NOW(), NOW(), '123-45-6708', 'ev_photo.jpg', NULL, 'cat001', 'test8'),
(9, '판매자9', 'y', NOW(), NOW(), '123-45-6709', 'ev_photo.jpg', NULL, 'cat001', 'test9'),
(10, '판매자10', 'y', NOW(), NOW(), '123-45-6710', 'ev_photo.jpg', NULL, 'cat001', 'test10'),
(11, '판매자11', 'y', NOW(), NOW(), '123-45-6711', 'ev_photo.jpg', NULL, 'cat001', 'test11'),
(12, '판매자12', 'y', NOW(), NOW(), '123-45-6712', 'ev_photo.jpg', NULL, 'cat001', 'test12'),
(13, '판매자13', 'y', NOW(), NOW(), '123-45-6713', 'ev_photo.jpg', NULL, 'cat001', 'test13'),
(14, '판매자14', 'y', NOW(), NOW(), '123-45-6714', 'ev_photo.jpg', NULL, 'cat001', 'test14'),
(15, '판매자15', 'y', NOW(), NOW(), '123-45-6715', 'ev_photo.jpg', NULL, 'cat001', 'test15'),
(16, '판매자16', 'y', NOW(), NOW(), '123-45-6716', 'ev_photo.jpg', NULL, 'cat001', 'test16'),
(17, '판매자17', 'y', NOW(), NOW(), '123-45-6717', 'ev_photo.jpg', NULL, 'cat001', 'test17'),
(18, '판매자18', 'y', NOW(), NOW(), '123-45-6718', 'ev_photo.jpg', NULL, 'cat001', 'test18'),
(19, '판매자19', 'y', NOW(), NOW(), '123-45-6719', 'ev_photo.jpg', NULL, 'cat001', 'test19'),
(20, '판매자20', 'y', NOW(), NOW(), '123-45-6720', 'ev_photo.jpg', NULL, 'cat001', 'test20');

-- 유저 아이템 등록 데이터 500개 
INSERT INTO seller_items (sr_id, i_id, reg_date) VALUES
('1', '1', NOW()),
('2', '2', NOW()),
('3', '3', NOW()),
('4', '4', NOW()),
('5', '5', NOW()),
('6', '6', NOW()),
('7', '7', NOW()),
('8', '8', NOW()),
('9', '9', NOW()),
('10', '10', NOW()),
('11', '11', NOW()),
('12', '12', NOW()),
('13', '13', NOW()),
('14', '14', NOW()),
('15', '15', NOW()),
('16', '16', NOW()),
('17', '17', NOW()),
('18', '18', NOW()),
('19', '19', NOW()),
('20', '20', NOW()),
('1', '21', NOW()),
('2', '22', NOW()),
('3', '23', NOW()),
('4', '24', NOW()),
('5', '25', NOW()),
('6', '26', NOW()),
('7', '27', NOW()),
('8', '28', NOW()),
('9', '29', NOW()),
('10', '30', NOW()),
('11', '31', NOW()),
('12', '32', NOW()),
('13', '33', NOW()),
('14', '34', NOW()),
('15', '35', NOW()),
('16', '36', NOW()),
('17', '37', NOW()),
('18', '38', NOW()),
('19', '39', NOW()),
('20', '40', NOW()),
('1', '41', NOW()),
('2', '42', NOW()),
('3', '43', NOW()),
('4', '44', NOW()),
('5', '45', NOW()),
('6', '46', NOW()),
('7', '47', NOW()),
('8', '48', NOW()),
('9', '49', NOW()),
('10', '50', NOW()),
('11', '51', NOW()),
('12', '52', NOW()),
('13', '53', NOW()),
('14', '54', NOW()),
('15', '55', NOW()),
('16', '56', NOW()),
('17', '57', NOW()),
('18', '58', NOW()),
('19', '59', NOW()),
('20', '60', NOW()),
('1', '61', NOW()),
('2', '62', NOW()),
('3', '63', NOW()),
('4', '64', NOW()),
('5', '65', NOW()),
('6', '66', NOW()),
('7', '67', NOW()),
('8', '68', NOW()),
('9', '69', NOW()),
('10', '70', NOW()),
('11', '71', NOW()),
('12', '72', NOW()),
('13', '73', NOW()),
('14', '74', NOW()),
('15', '75', NOW()),
('16', '76', NOW()),
('17', '77', NOW()),
('18', '78', NOW()),
('19', '79', NOW()),
('20', '80', NOW()),
('1', '81', NOW()),
('2', '82', NOW()),
('3', '83', NOW()),
('4', '84', NOW()),
('5', '85', NOW()),
('6', '86', NOW()),
('7', '87', NOW()),
('8', '88', NOW()),
('9', '89', NOW()),
('10', '90', NOW()),
('11', '91', NOW()),
('12', '92', NOW()),
('13', '93', NOW()),
('14', '94', NOW()),
('15', '95', NOW()),
('16', '96', NOW()),
('17', '97', NOW()),
('18', '98', NOW()),
('19', '99', NOW()),
('20', '100', NOW()),
('1', '101', NOW()),
('2', '102', NOW()),
('3', '103', NOW()),
('4', '104', NOW()),
('5', '105', NOW()),
('6', '106', NOW()),
('7', '107', NOW()),
('8', '108', NOW()),
('9', '109', NOW()),
('10', '110', NOW()),
('11', '111', NOW()),
('12', '112', NOW()),
('13', '113', NOW()),
('14', '114', NOW()),
('15', '115', NOW()),
('16', '116', NOW()),
('17', '117', NOW()),
('18', '118', NOW()),
('19', '119', NOW()),
('20', '120', NOW()),
('1', '121', NOW()),
('2', '122', NOW()),
('3', '123', NOW()),
('4', '124', NOW()),
('5', '125', NOW()),
('6', '126', NOW()),
('7', '127', NOW()),
('8', '128', NOW()),
('9', '129', NOW()),
('10', '130', NOW()),
('11', '131', NOW()),
('12', '132', NOW()),
('13', '133', NOW()),
('14', '134', NOW()),
('15', '135', NOW()),
('16', '136', NOW()),
('17', '137', NOW()),
('18', '138', NOW()),
('19', '139', NOW()),
('20', '140', NOW()),
('1', '141', NOW()),
('2', '142', NOW()),
('3', '143', NOW()),
('4', '144', NOW()),
('5', '145', NOW()),
('6', '146', NOW()),
('7', '147', NOW()),
('8', '148', NOW()),
('9', '149', NOW()),
('10', '150', NOW()),
('11', '151', NOW()),
('12', '152', NOW()),
('13', '153', NOW()),
('14', '154', NOW()),
('15', '155', NOW()),
('16', '156', NOW()),
('17', '157', NOW()),
('18', '158', NOW()),
('19', '159', NOW()),
('20', '160', NOW()),
('1', '161', NOW()),
('2', '162', NOW()),
('3', '163', NOW()),
('4', '164', NOW()),
('5', '165', NOW()),
('6', '166', NOW()),
('7', '167', NOW()),
('8', '168', NOW()),
('9', '169', NOW()),
('10', '170', NOW()),
('11', '171', NOW()),
('12', '172', NOW()),
('13', '173', NOW()),
('14', '174', NOW()),
('15', '175', NOW()),
('16', '176', NOW()),
('17', '177', NOW()),
('18', '178', NOW()),
('19', '179', NOW()),
('20', '180', NOW()),
('1', '181', NOW()),
('2', '182', NOW()),
('3', '183', NOW()),
('4', '184', NOW()),
('5', '185', NOW()),
('6', '186', NOW()),
('7', '187', NOW()),
('8', '188', NOW()),
('9', '189', NOW()),
('10', '190', NOW()),
('11', '191', NOW()),
('12', '192', NOW()),
('13', '193', NOW()),
('14', '194', NOW()),
('15', '195', NOW()),
('16', '196', NOW()),
('17', '197', NOW()),
('18', '198', NOW()),
('19', '199', NOW()),
('20', '200', NOW()),
('1', '201', NOW()),
('2', '202', NOW()),
('3', '203', NOW()),
('4', '204', NOW()),
('5', '205', NOW()),
('6', '206', NOW()),
('7', '207', NOW()),
('8', '208', NOW()),
('9', '209', NOW()),
('10', '210', NOW()),
('11', '211', NOW()),
('12', '212', NOW()),
('13', '213', NOW()),
('14', '214', NOW()),
('15', '215', NOW()),
('16', '216', NOW()),
('17', '217', NOW()),
('18', '218', NOW()),
('19', '219', NOW()),
('20', '220', NOW()),
('1', '221', NOW()),
('2', '222', NOW()),
('3', '223', NOW()),
('4', '224', NOW()),
('5', '225', NOW()),
('6', '226', NOW()),
('7', '227', NOW()),
('8', '228', NOW()),
('9', '229', NOW()),
('10', '230', NOW()),
('11', '231', NOW()),
('12', '232', NOW()),
('13', '233', NOW()),
('14', '234', NOW()),
('15', '235', NOW()),
('16', '236', NOW()),
('17', '237', NOW()),
('18', '238', NOW()),
('19', '239', NOW()),
('20', '240', NOW()),
('1', '241', NOW()),
('2', '242', NOW()),
('3', '243', NOW()),
('4', '244', NOW()),
('5', '245', NOW()),
('6', '246', NOW()),
('7', '247', NOW()),
('8', '248', NOW()),
('9', '249', NOW()),
('10', '250', NOW()),
('11', '251', NOW()),
('12', '252', NOW()),
('13', '253', NOW()),
('14', '254', NOW()),
('15', '255', NOW()),
('16', '256', NOW()),
('17', '257', NOW()),
('18', '258', NOW()),
('19', '259', NOW()),
('20', '260', NOW()),
('1', '261', NOW()),
('2', '262', NOW()),
('3', '263', NOW()),
('4', '264', NOW()),
('5', '265', NOW()),
('6', '266', NOW()),
('7', '267', NOW()),
('8', '268', NOW()),
('9', '269', NOW()),
('10', '270', NOW()),
('11', '271', NOW()),
('12', '272', NOW()),
('13', '273', NOW()),
('14', '274', NOW()),
('15', '275', NOW()),
('16', '276', NOW()),
('17', '277', NOW()),
('18', '278', NOW()),
('19', '279', NOW()),
('20', '280', NOW()),
('1', '281', NOW()),
('2', '282', NOW()),
('3', '283', NOW()),
('4', '284', NOW()),
('5', '285', NOW()),
('6', '286', NOW()),
('7', '287', NOW()),
('8', '288', NOW()),
('9', '289', NOW()),
('10', '290', NOW()),
('11', '291', NOW()),
('12', '292', NOW()),
('13', '293', NOW()),
('14', '294', NOW()),
('15', '295', NOW()),
('16', '296', NOW()),
('17', '297', NOW()),
('18', '298', NOW()),
('19', '299', NOW()),
('20', '300', NOW()),
('1', '301', NOW()),
('2', '302', NOW()),
('3', '303', NOW()),
('4', '304', NOW()),
('5', '305', NOW()),
('6', '306', NOW()),
('7', '307', NOW()),
('8', '308', NOW()),
('9', '309', NOW()),
('10', '310', NOW()),
('11', '311', NOW()),
('12', '312', NOW()),
('13', '313', NOW()),
('14', '314', NOW()),
('15', '315', NOW()),
('16', '316', NOW()),
('17', '317', NOW()),
('18', '318', NOW()),
('19', '319', NOW()),
('20', '320', NOW()),
('1', '321', NOW()),
('2', '322', NOW()),
('3', '323', NOW()),
('4', '324', NOW()),
('5', '325', NOW()),
('6', '326', NOW()),
('7', '327', NOW()),
('8', '328', NOW()),
('9', '329', NOW()),
('10', '330', NOW()),
('11', '331', NOW()),
('12', '332', NOW()),
('13', '333', NOW()),
('14', '334', NOW()),
('15', '335', NOW()),
('16', '336', NOW()),
('17', '337', NOW()),
('18', '338', NOW()),
('19', '339', NOW()),
('20', '340', NOW()),
('1', '341', NOW()),
('2', '342', NOW()),
('3', '343', NOW()),
('4', '344', NOW()),
('5', '345', NOW()),
('6', '346', NOW()),
('7', '347', NOW()),
('8', '348', NOW()),
('9', '349', NOW()),
('10', '350', NOW()),
('11', '351', NOW()),
('12', '352', NOW()),
('13', '353', NOW()),
('14', '354', NOW()),
('15', '355', NOW()),
('16', '356', NOW()),
('17', '357', NOW()),
('18', '358', NOW()),
('19', '359', NOW()),
('20', '360', NOW()),
('1', '361', NOW()),
('2', '362', NOW()),
('3', '363', NOW()),
('4', '364', NOW()),
('5', '365', NOW()),
('6', '366', NOW()),
('7', '367', NOW()),
('8', '368', NOW()),
('9', '369', NOW()),
('10', '370', NOW()),
('11', '371', NOW()),
('12', '372', NOW()),
('13', '373', NOW()),
('14', '374', NOW()),
('15', '375', NOW()),
('16', '376', NOW()),
('17', '377', NOW()),
('18', '378', NOW()),
('19', '379', NOW()),
('20', '380', NOW()),
('1', '381', NOW()),
('2', '382', NOW()),
('3', '383', NOW()),
('4', '384', NOW()),
('5', '385', NOW()),
('6', '386', NOW()),
('7', '387', NOW()),
('8', '388', NOW()),
('9', '389', NOW()),
('10', '390', NOW()),
('11', '391', NOW()),
('12', '392', NOW()),
('13', '393', NOW()),
('14', '394', NOW()),
('15', '395', NOW()),
('16', '396', NOW()),
('17', '397', NOW()),
('18', '398', NOW()),
('19', '399', NOW()),
('20', '400', NOW()),
('1', '401', NOW()),
('2', '402', NOW()),
('3', '403', NOW()),
('4', '404', NOW()),
('5', '405', NOW()),
('6', '406', NOW()),
('7', '407', NOW()),
('8', '408', NOW()),
('9', '409', NOW()),
('10', '410', NOW()),
('11', '411', NOW()),
('12', '412', NOW()),
('13', '413', NOW()),
('14', '414', NOW()),
('15', '415', NOW()),
('16', '416', NOW()),
('17', '417', NOW()),
('18', '418', NOW()),
('19', '419', NOW()),
('20', '420', NOW()),
('1', '421', NOW()),
('2', '422', NOW()),
('3', '423', NOW()),
('4', '424', NOW()),
('5', '425', NOW()),
('6', '426', NOW()),
('7', '427', NOW()),
('8', '428', NOW()),
('9', '429', NOW()),
('10', '430', NOW()),
('11', '431', NOW()),
('12', '432', NOW()),
('13', '433', NOW()),
('14', '434', NOW()),
('15', '435', NOW()),
('16', '436', NOW()),
('17', '437', NOW()),
('18', '438', NOW()),
('19', '439', NOW()),
('20', '440', NOW()),
('1', '441', NOW()),
('2', '442', NOW()),
('3', '443', NOW()),
('4', '444', NOW()),
('5', '445', NOW()),
('6', '446', NOW()),
('7', '447', NOW()),
('8', '448', NOW()),
('9', '449', NOW()),
('10', '450', NOW()),
('11', '451', NOW()),
('12', '452', NOW()),
('13', '453', NOW()),
('14', '454', NOW()),
('15', '455', NOW()),
('16', '456', NOW()),
('17', '457', NOW()),
('18', '458', NOW()),
('19', '459', NOW()),
('20', '460', NOW()),
('1', '461', NOW()),
('2', '462', NOW()),
('3', '463', NOW()),
('4', '464', NOW()),
('5', '465', NOW()),
('6', '466', NOW()),
('7', '467', NOW()),
('8', '468', NOW()),
('9', '469', NOW()),
('10', '470', NOW()),
('11', '471', NOW()),
('12', '472', NOW()),
('13', '473', NOW()),
('14', '474', NOW()),
('15', '475', NOW()),
('16', '476', NOW()),
('17', '477', NOW()),
('18', '478', NOW()),
('19', '479', NOW()),
('20', '480', NOW()),
('1', '481', NOW()),
('2', '482', NOW()),
('3', '483', NOW()),
('4', '484', NOW()),
('5', '485', NOW()),
('6', '486', NOW()),
('7', '487', NOW()),
('8', '488', NOW()),
('9', '489', NOW()),
('10', '490', NOW()),
('11', '491', NOW()),
('12', '492', NOW()),
('13', '493', NOW()),
('14', '494', NOW()),
('15', '495', NOW()),
('16', '496', NOW()),
('17', '497', NOW()),
('18', '498', NOW()),
('19', '499', NOW()),
('20', '500', NOW());


SELECT * FROM items_category;
delete from items_category;
delete from items;
